{"starting_checkpoint": 20000, "num_checkpoints": 50, "checkpoint_duration": 20000, "num_experiments": 10, "estimation_errors": [[[20000.0, 0.5867032419355579], [40000.0, 0.5235796687974225], [60000.0, 0.5360298697349596], [80000.0, 0.5222516712257385], [100000.0, 0.5250782197511971], [120000.0, 0.5250628987207089], [140000.0, 0.5285938981024141], [160000.0, 0.5298920917313475], [180000.0, 0.5286929231882146], [200000.0, 0.5311205563678109], [220000.0, 0.5237001925753125], [240000.0, 0.5234262698869998], [260000.0, 0.5244610268008102], [280000.0, 0.5268473080862522], [300000.0, 0.5264279032117977], [320000.0, 0.522512121980885], [340000.0, 0.524361265552381], [360000.0, 0.5231004797312659], [380000.0, 0.5204152433516686], [400000.0, 0.5198435801189938], [420000.0, 0.5174064277312962], [440000.0, 0.5184048165517842], [460000.0, 0.5201257033580772], [480000.0, 0.5201775757585466], [500000.0, 0.5144736279659223], [520000.0, 0.5120386434038815], [540000.0, 0.512814905682669], [560000.0, 0.5111404916122791], [580000.0, 0.51180254503436], [600000.0, 0.5109130110290975], [620000.0, 0.5091189617638875], [640000.0, 0.5113829467146485], [660000.0, 0.5122299524671848], [680000.0, 0.5095371190345143], [700000.0, 0.509363311006335], [720000.0, 0.5105251948751395], [740000.0, 0.5119062337750897], [760000.0, 0.5109524625837498], [780000.0, 0.5092769005366866], [800000.0, 0.5097090660892558], [820000.0, 0.5103146556020887], [840000.0, 0.5115475732489941], [860000.0, 0.5098161838429512], [880000.0, 0.5080538938251086], [900000.0, 0.5072916047454472], [920000.0, 0.5060062490309343], [940000.0, 0.5076010303040861], [960000.0, 0.5061581653975014], [980000.0, 0.5061079414347202], [1000000.0, 0.5062082785141099]], [[20000.0, 0.5114631660540132], [40000.0, 0.46832340409539913], [60000.0, 0.46981800394862844], [80000.0, 0.4708133560242912], [100000.0, 0.47652268475555126], [120000.0, 0.4800346474110026], [140000.0, 0.487669371996433], [160000.0, 0.48209658663042476], [180000.0, 0.4876108911014621], [200000.0, 0.49216141066293395], [220000.0, 0.4828317803690673], [240000.0, 0.4857184033725528], [260000.0, 0.49084844586507986], [280000.0, 0.4924437468016377], [300000.0, 0.4888991837216134], [320000.0, 0.4802219151968242], [340000.0, 0.47751296628849493], [360000.0, 0.4759742198181746], [380000.0, 0.4780397477480405], [400000.0, 0.48006880325280116], [420000.0, 0.48109761519849886], [440000.0, 0.48270402673204493], [460000.0, 0.4877893338139404], [480000.0, 0.4853836515079802], [500000.0, 0.4837097208672824], [520000.0, 0.4781736931028621], [540000.0, 0.4746974757653514], [560000.0, 0.4741871542423987], [580000.0, 0.4739578946071646], [600000.0, 0.47659061937035757], [620000.0, 0.4774222487841333], [640000.0, 0.47602970506275816], [660000.0, 0.4777726103617627], [680000.0, 0.47626612078824604], [700000.0, 0.4746853590777621], [720000.0, 0.47363361709153107], [740000.0, 0.473901279614464], [760000.0, 0.47587719309632265], [780000.0, 0.4762531725454966], [800000.0, 0.4771379919518955], [820000.0, 0.47726439207343174], [840000.0, 0.4783305287682499], [860000.0, 0.4780174089934777], [880000.0, 0.4789467572187303], [900000.0, 0.47774844286234897], [920000.0, 0.4776692236680426], [940000.0, 0.4783992759639752], [960000.0, 0.4771809247921021], [980000.0, 0.47749632720346974], [1000000.0, 0.47862857472314424]], [[20000.0, 0.5212633691562135], [40000.0, 0.5038424142480122], [60000.0, 0.5446941106660144], [80000.0, 0.5326276225649171], [100000.0, 0.5089354203926055], [120000.0, 0.5090198920711096], [140000.0, 0.5035301072591131], [160000.0, 0.5065946041960769], [180000.0, 0.4987534739477615], [200000.0, 0.4953327945005832], [220000.0, 0.4918238225278028], [240000.0, 0.4969444647550269], [260000.0, 0.5034571986547823], [280000.0, 0.5001361409452835], [300000.0, 0.49809773218793013], [320000.0, 0.5052839773442007], [340000.0, 0.5034879830001974], [360000.0, 0.5076661463910054], [380000.0, 0.5039859852736696], [400000.0, 0.5003896099740037], [420000.0, 0.5047371315986389], [440000.0, 0.5009461332880685], [460000.0, 0.5019786837777795], [480000.0, 0.5054057025550182], [500000.0, 0.5044230242474469], [520000.0, 0.5063120037973491], [540000.0, 0.5071367334188045], [560000.0, 0.5087185312619424], [580000.0, 0.5120574251759065], [600000.0, 0.5108207475626679], [620000.0, 0.507361459770938], [640000.0, 0.5099777381121791], [660000.0, 0.5087882720196766], [680000.0, 0.5085399795578777], [700000.0, 0.5098305948218579], [720000.0, 0.5093535388449888], [740000.0, 0.5103130192315207], [760000.0, 0.5093432792632799], [780000.0, 0.5101724811911186], [800000.0, 0.5097451699157471], [820000.0, 0.509683978954176], [840000.0, 0.5110190858066986], [860000.0, 0.5120315046460173], [880000.0, 0.5133246071611124], [900000.0, 0.5135719969755762], [920000.0, 0.5123675251028986], [940000.0, 0.5141170129522282], [960000.0, 0.5152570059246305], [980000.0, 0.5157512997209057], [1000000.0, 0.5154246885703938]], [[20000.0, 0.5046248283130668], [40000.0, 0.5090299798476072], [60000.0, 0.4990740243578843], [80000.0, 0.47680088548713406], [100000.0, 0.45485591230808775], [120000.0, 0.456935258931183], [140000.0, 0.4481126255415174], [160000.0, 0.4419498068200808], [180000.0, 0.44717100874071836], [200000.0, 0.4507502274817076], [220000.0, 0.44950504278258874], [240000.0, 0.4470060323142039], [260000.0, 0.45135119228383525], [280000.0, 0.450715384350244], [300000.0, 0.4511997514485366], [320000.0, 0.4488381066468357], [340000.0, 0.44777359516690585], [360000.0, 0.44607744064950217], [380000.0, 0.4489453385216295], [400000.0, 0.4469643140720841], [420000.0, 0.4494363510496207], [440000.0, 0.4475546328248841], [460000.0, 0.4450671317153218], [480000.0, 0.444775258854529], [500000.0, 0.4442241525044222], [520000.0, 0.4429694085808146], [540000.0, 0.4445363679090084], [560000.0, 0.4450502233242718], [580000.0, 0.44722794768916585], [600000.0, 0.4451154646150926], [620000.0, 0.44605271881719644], [640000.0, 0.44571546632622], [660000.0, 0.44514150891512866], [680000.0, 0.44667996262518433], [700000.0, 0.4490251721796492], [720000.0, 0.4510852174132482], [740000.0, 0.45220768376246046], [760000.0, 0.4521849634443545], [780000.0, 0.45337948390066307], [800000.0, 0.4541275921226585], [820000.0, 0.45410851276961295], [840000.0, 0.454536524768917], [860000.0, 0.4564503463774893], [880000.0, 0.4581860566919251], [900000.0, 0.46000795821088636], [920000.0, 0.45881967386304856], [940000.0, 0.45912956177638103], [960000.0, 0.46060899839791397], [980000.0, 0.459825300442419], [1000000.0, 0.4600694725495034]], [[20000.0, 0.476400269386389], [40000.0, 0.5007979871378393], [60000.0, 0.47228850300201597], [80000.0, 0.4525554015666029], [100000.0, 0.45159731902708355], [120000.0, 0.44235560101932564], [140000.0, 0.44191077786330224], [160000.0, 0.45023810362482497], [180000.0, 0.4488352177374713], [200000.0, 0.4484553406890757], [220000.0, 0.4492779463831601], [240000.0, 0.4538585732952298], [260000.0, 0.4579952108185541], [280000.0, 0.46177044088421804], [300000.0, 0.46286926974870435], [320000.0, 0.46163983816025067], [340000.0, 0.45813035155200277], [360000.0, 0.458341244275515], [380000.0, 0.4604343298120005], [400000.0, 0.4598039439725256], [420000.0, 0.4521993551427559], [440000.0, 0.4480508500183712], [460000.0, 0.4480033902269946], [480000.0, 0.45366356708761185], [500000.0, 0.45370094203245104], [520000.0, 0.45222110873320853], [540000.0, 0.45607407873425526], [560000.0, 0.45894300934957344], [580000.0, 0.4641981410531421], [600000.0, 0.4660810465914813], [620000.0, 0.4645269596093914], [640000.0, 0.4638320768302737], [660000.0, 0.4638598029292679], [680000.0, 0.46143856590502236], [700000.0, 0.4600745692283388], [720000.0, 0.4603482239623215], [740000.0, 0.4614275616336502], [760000.0, 0.46012257706346077], [780000.0, 0.4586109668750497], [800000.0, 0.45889679922547993], [820000.0, 0.45911324699667644], [840000.0, 0.46178981491389065], [860000.0, 0.4599381878972093], [880000.0, 0.46036475308556146], [900000.0, 