{"starting_checkpoint": 20000, "num_checkpoints": 50, "checkpoint_duration": 20000, "num_experiments": 10, "estimation_errors": [[[20000.0, 0.10028764509012192], [40000.0, 0.08504373849793954], [60000.0, 0.0775440641157963], [80000.0, 0.0653080908034992], [100000.0, 0.07229115053844018], [120000.0, 0.07022227057809079], [140000.0, 0.0692298480998067], [160000.0, 0.07601350430733908], [180000.0, 0.07421038330459884], [200000.0, 0.07240901789704762], [220000.0, 0.07154082183931885], [240000.0, 0.07040620623047986], [260000.0, 0.06905133508053087], [280000.0, 0.06644565981642774], [300000.0, 0.06292613342099457], [320000.0, 0.06224533456993134], [340000.0, 0.06066236745518905], [360000.0, 0.0589376654430807], [380000.0, 0.05642293193342442], [400000.0, 0.0577377033926581], [420000.0, 0.05710204041441657], [440000.0, 0.05552520680589535], [460000.0, 0.05542483386607606], [480000.0, 0.055059283295692506], [500000.0, 0.0516797329636548], [520000.0, 0.0509560217084182], [540000.0, 0.05134267303812462], [560000.0, 0.05185654211668579], [580000.0, 0.05008331403001384], [600000.0, 0.05171414965715239], [620000.0, 0.049969836285631494], [640000.0, 0.04984675288530345], [660000.0, 0.04970467498203727], [680000.0, 0.049559455863804364], [700000.0, 0.04892481248326209], [720000.0, 0.0490797470548216], [740000.0, 0.04845422174498324], [760000.0, 0.04926633967287171], [780000.0, 0.0494564995975262], [800000.0, 0.048960143043893393], [820000.0, 0.0501689604190235], [840000.0, 0.048985521325692685], [860000.0, 0.04842740879687954], [880000.0, 0.04939442373220814], [900000.0, 0.04763886505624901], [920000.0, 0.048681130138134805], [940000.0, 0.04889129845957769], [960000.0, 0.04851229018122193], [980000.0, 0.04875494942084325], [1000000.0, 0.0488236921962703]], [[20000.0, 0.09786325863494101], [40000.0, 0.08339465168039537], [60000.0, 0.07136376590063014], [80000.0, 0.05267902195093371], [100000.0, 0.053124136971880294], [120000.0, 0.05156616626288033], [140000.0, 0.0544869486645965], [160000.0, 0.048569699592953104], [180000.0, 0.0451602817515965], [200000.0, 0.04317615282491674], [220000.0, 0.040142494224244124], [240000.0, 0.04260203751156109], [260000.0, 0.03529665307395946], [280000.0, 0.03752370554269335], [300000.0, 0.03884525647472867], [320000.0, 0.03979849263098405], [340000.0, 0.04042978800327804], [360000.0, 0.03701706642324569], [380000.0, 0.03474450638574537], [400000.0, 0.03394111264273171], [420000.0, 0.03321353134528123], [440000.0, 0.03339263374684564], [460000.0, 0.032718613966939925], [480000.0, 0.03437896665816799], [500000.0, 0.03470210565215831], [520000.0, 0.03615407695075291], [540000.0, 0.03812044675082266], [560000.0, 0.03728035847909387], [580000.0, 0.03810026339186817], [600000.0, 0.03901696187126311], [620000.0, 0.0371881208065115], [640000.0, 0.0382056495542109], [660000.0, 0.039293171225027734], [680000.0, 0.03985499560355214], [700000.0, 0.03979438293428518], [720000.0, 0.03905775092620386], [740000.0, 0.03950439714599599], [760000.0, 0.03973314551684196], [780000.0, 0.03924968323113402], [800000.0, 0.039061466862993825], [820000.0, 0.03942858947928167], [840000.0, 0.039485883320541405], [860000.0, 0.037912892380187836], [880000.0, 0.036931229037961574], [900000.0, 0.036955470331573925], [920000.0, 0.03575618703176314], [940000.0, 0.03599630499153029], [960000.0, 0.03650325868720713], [980000.0, 0.03612547925419047], [1000000.0, 0.03616543772021204]], [[20000.0, 0.13166379927961977], [40000.0, 0.09843030030408235], [60000.0, 0.10780082864898329], [80000.0, 0.09884672304507025], [100000.0, 0.08115138318475025], [120000.0, 0.06841850129874423], [140000.0, 0.06891853670892827], [160000.0, 0.06311788839308853], [180000.0, 0.06494807370489998], [200000.0, 0.06290492450913324], [220000.0, 0.056817178405613296], [240000.0, 0.06248169694867913], [260000.0, 0.06116760460667036], [280000.0, 0.06060421891010506], [300000.0, 0.06285931532565373], [320000.0, 0.06125204120363093], [340000.0, 0.05971218911127848], [360000.0, 0.06030685026106781], [380000.0, 0.062058103651611476], [400000.0, 0.06150740250869741], [420000.0, 0.06119062144835661], [440000.0, 0.059577690775761305], [460000.0, 0.055667905065063715], [480000.0, 0.05415275568962059], [500000.0, 0.052995188597575967], [520000.0, 0.05140013993750817], [540000.0, 0.04805246291862285], [560000.0, 0.04689817107927255], [580000.0, 0.04769052663007594], [600000.0, 0.04952402813003543], [620000.0, 0.04807063747979462], [640000.0, 0.0481047434135586], [660000.0, 0.04719979315656218], [680000.0, 0.04703528083669126], [700000.0, 0.04645829633344911], [720000.0, 0.04608067004729382], [740000.0, 0.04632092241073607], [760000.0, 0.04622526693195714], [780000.0, 0.04517609575597079], [800000.0, 0.04339773162857158], [820000.0, 0.04248146104681458], [840000.0, 0.0430976103644166], [860000.0, 0.04379573563746122], [880000.0, 0.04486775327188401], [900000.0, 0.04578026647334272], [920000.0, 0.045118051964348975], [940000.0, 0.04502189886976127], [960000.0, 0.04463149017341987], [980000.0, 0.04447923402323651], [1000000.0, 0.04398802680499998]], [[20000.0, 0.15089782600612567], [40000.0, 0.08970763171218465], [60000.0, 0.06630754357158732], [80000.0, 0.05845043534013891], [100000.0, 0.05464641704984211], [120000.0, 0.059415165576953394], [140000.0, 0.058640743723641316], [160000.0, 0.05314795500179393], [180000.0, 0.04843642154889665], [200000.0, 0.04578475960529725], [220000.0, 0.047025969272105145], [240000.0, 0.04532335472221623], [260000.0, 0.04221072784109601], [280000.0, 0.042000370755125464], [300000.0, 0.04553760472308626], [320000.0, 0.046429611186291596], [340000.0, 0.046522688151947655], [360000.0, 0.04791949158408884], [380000.0, 0.04638071347356802], [400000.0, 0.04682276507354404], [420000.0, 0.04969312520283897], [440000.0, 0.0519657230986428], [460000.0, 0.04938925086619265], [480000.0, 0.049578649039398924], [500000.0, 0.04773282016178087], [520000.0, 0.047487530111044354], [540000.0, 0.046352622181449366], [560000.0, 0.04739865609649829], [580000.0, 0.04665707128615929], [600000.0, 0.045943006279306677], [620000.0, 0.044699889612500786], [640000.0, 0.04668778770151402], [660000.0, 0.04566175990562999], [680000.0, 0.04676382643040715], [700000.0, 0.0454698909059275], [720000.0, 0.0467231472964643], [740000.0, 0.046961850330144356], [760000.0, 0.04776023939912128], [780000.0, 0.048006783258545224], [800000.0, 0.04802849827776488], [820000.0, 0.04791792139700127], [840000.0, 0.04893896921280557], [860000.0, 0.0472224508773044], [880000.0, 0.04695233288544012], [900000.0, 0.04627890332175109], [920000.0, 0.045824979105210537], [940000.0, 0.046095366541492815], [960000.0, 0.046302550643611995], [980000.0, 0.04613451345732976], [1000000.0, 0.045956950252525997]], [[20000.0, 0.15393049766944053], [40000.0, 0.09286617665619053], [60000.0, 0.10286930178681583], [80000.0, 0.09170908106573677], [100000.0, 0.0930991165071927], [120000.0, 0.0731770902674658], [140000.0, 0.06355211320212385], [160000.0, 0.057280577566252884], [180000.0, 0.05650149597461896], [200000.0, 0.0540828041749505], [220000.0, 0.049300082800659305], [240000.0, 0.047948150758435004], [260000.0, 0.050846711466483625], [280000.0, 0.04870360677015917], [300000.0, 0.04533817104570017], [320000.0, 0.04407179476445429], [340000.0, 0.04475154682913143], [360000.0, 0.045121057863138636], [380000.0, 0.0455016451300395], [400000.0, 0.04717807992147118], [420000.0, 0.047429862496094814], [440000.0, 0.045796174498871293], [460000.0, 0.04590467467361095], [480000.0, 0.046830239997623674], [500000.0, 0.04646859355685535], [520000.0, 0.04584091740009293], [540000.0, 0.04677720547518622], [560000.0, 0.04608866413025571], [580000.0, 0.04621729923830702], [600000.0, 0.04590026979895515], [620000.0, 0.04597217080056124], [640000.0, 0.04559296292048977], [660000.0, 0.04672605081312398], [680000.0, 0.04576631729186673], [700000.0, 0.045553673694247745], [720000.0, 0.045063895160071636], [740000.0, 0.04425196829225466], [760000.0, 0.043604046643693536],