{"starting_checkpoint": 20000, "num_checkpoints": 50, "checkpoint_duration": 20000, "num_experiments": 10, "estimation_errors": [[[20000.0, 0.19531402790345098], [40000.0, 0.12367056411447337], [60000.0, 0.09464992849169432], [80000.0, 0.05840333904623891], [100000.0, 0.046402958875188284], [120000.0, 0.03942384661692088], [140000.0, 0.03888171473963178], [160000.0, 0.029098113132222235], [180000.0, 0.030966601340623606], [200000.0, 0.03190166486557923], [220000.0, 0.03437333887961766], [240000.0, 0.031544890561463486], [260000.0, 0.030967811749629932], [280000.0, 0.030545299286910837], [300000.0, 0.033108244995178254], [320000.0, 0.029052551528940717], [340000.0, 0.032468615179195595], [360000.0, 0.03252227637255579], [380000.0, 0.03196272052457164], [400000.0, 0.029739951397904304], [420000.0, 0.028262131042267727], [440000.0, 0.02742898213054361], [460000.0, 0.02621530786784835], [480000.0, 0.025300603650391877], [500000.0, 0.025387695727134164], [520000.0, 0.02371116046623784], [540000.0, 0.021942864309415076], [560000.0, 0.02154460225860365], [580000.0, 0.021498224760619102], [600000.0, 0.021946386962861407], [620000.0, 0.021402377329499036], [640000.0, 0.02178862420412918], [660000.0, 0.020594932754462194], [680000.0, 0.020776681318542385], [700000.0, 0.020823282621279235], [720000.0, 0.021475130871198785], [740000.0, 0.020994202168206924], [760000.0, 0.020146442800711078], [780000.0, 0.01964971555957381], [800000.0, 0.02080175000482091], [820000.0, 0.02070692740368884], [840000.0, 0.02111727546055736], [860000.0, 0.02145123944940203], [880000.0, 0.02138000594026004], [900000.0, 0.02139021009316411], [920000.0, 0.02141847559479006], [940000.0, 0.019796892650660997], [960000.0, 0.020112949535855646], [980000.0, 0.020908369342561912], [1000000.0, 0.021020870158669793]], [[20000.0, 0.12094600239073837], [40000.0, 0.08489367948355094], [60000.0, 0.08688774025794616], [80000.0, 0.07410636144221304], [100000.0, 0.050632412013811724], [120000.0, 0.06244556294752622], [140000.0, 0.056624564863254206], [160000.0, 0.054763976253339564], [180000.0, 0.052268787814572525], [200000.0, 0.05123446330104523], [220000.0, 0.0436382812038488], [240000.0, 0.04307615874952596], [260000.0, 0.0394521749675013], [280000.0, 0.03675091585139852], [300000.0, 0.039408735425648336], [320000.0, 0.037183131095032546], [340000.0, 0.036441596867025444], [360000.0, 0.029587118727758772], [380000.0, 0.028638647639925192], [400000.0, 0.025569165456746045], [420000.0, 0.025881414850772066], [440000.0, 0.026607828690856122], [460000.0, 0.026492041683444295], [480000.0, 0.02447001015156904], [500000.0, 0.02787840099718576], [520000.0, 0.025538272390592334], [540000.0, 0.025583786420814273], [560000.0, 0.025092656041383856], [580000.0, 0.024902324974109425], [600000.0, 0.025584101365578052], [620000.0, 0.024128612956299325], [640000.0, 0.023415465365177593], [660000.0, 0.023225381942422428], [680000.0, 0.022055415977976868], [700000.0, 0.020717961633548283], [720000.0, 0.018512379471330154], [740000.0, 0.01770016061840966], [760000.0, 0.017940015360811058], [780000.0, 0.01688508958843145], [800000.0, 0.01654664025877404], [820000.0, 0.016405121204654753], [840000.0, 0.016760921679879907], [860000.0, 0.015237078864345562], [880000.0, 0.015033256698677158], [900000.0, 0.014594143192894106], [920000.0, 0.014569516718332494], [940000.0, 0.014654454242218064], [960000.0, 0.013347227476942026], [980000.0, 0.013171729305882833], [1000000.0, 0.013176081446701848]], [[20000.0, 0.1197348722791623], [40000.0, 0.09356555101183849], [60000.0, 0.071267218749075], [80000.0, 0.049778978899908954], [100000.0, 0.04974517488983082], [120000.0, 0.04604626206815729], [140000.0, 0.046912464243127124], [160000.0, 0.05435430821680704], [180000.0, 0.0472344183705019], [200000.0, 0.03813418577135897], [220000.0, 0.03620199420799537], [240000.0, 0.03328326251139236], [260000.0, 0.029154205112105612], [280000.0, 0.02710601915118362], [300000.0, 0.03021822740357308], [320000.0, 0.02834999543822429], [340000.0, 0.027589642780925884], [360000.0, 0.030463945644342773], [380000.0, 0.02902889991120084], [400000.0, 0.02597696186845758], [420000.0, 0.026006945188753277], [440000.0, 0.024054553445383674], [460000.0, 0.023983305585675584], [480000.0, 0.023991752952079747], [500000.0, 0.02326441795501043], [520000.0, 0.021494241345690494], [540000.0, 0.019406213978045324], [560000.0, 0.018628943010359344], [580000.0, 0.01820108801874224], [600000.0, 0.016973081762383213], [620000.0, 0.016803429462553955], [640000.0, 0.01700932315760664], [660000.0, 0.015657036318717267], [680000.0, 0.015535437819501978], [700000.0, 0.014872866682947138], [720000.0, 0.014484463276682482], [740000.0, 0.013289517230001968], [760000.0, 0.013937912262460654], [780000.0, 0.01429243397374008], [800000.0, 0.014944019214065163], [820000.0, 0.015090246667714781], [840000.0, 0.015546674838465781], [860000.0, 0.014728050634322656], [880000.0, 0.014049880716776156], [900000.0, 0.013735833875518392], [920000.0, 0.013570304859509268], [940000.0, 0.013149268043448398], [960000.0, 0.013095830255288321], [980000.0, 0.012652276616207755], [1000000.0, 0.012345941071969381]], [[20000.0, 0.1030309738721298], [40000.0, 0.08776074059389409], [60000.0, 0.060060347751635955], [80000.0, 0.05711190673255235], [100000.0, 0.043249002599690396], [120000.0, 0.046321739996378064], [140000.0, 0.0389486583032488], [160000.0, 0.03475380965994965], [180000.0, 0.0366116404641246], [200000.0, 0.03633614760682681], [220000.0, 0.027706370757231542], [240000.0, 0.024308012610216447], [260000.0, 0.026901578026872288], [280000.0, 0.02569189684472229], [300000.0, 0.0219137350082008], [320000.0, 0.02419883657316848], [340000.0, 0.024005465068383896], [360000.0, 0.025308095246861964], [380000.0, 0.024809937885793925], [400000.0, 0.025010782884518468], [420000.0, 0.02412522696762339], [440000.0, 0.024227624630121097], [460000.0, 0.024931570640528155], [480000.0, 0.0227186934971003], [500000.0, 0.021228412520247292], [520000.0, 0.021250732802143735], [540000.0, 0.020767451831318184], [560000.0, 0.020250980490785886], [580000.0, 0.018472032260557693], [600000.0, 0.01872559364264544], [620000.0, 0.018592099416965734], [640000.0, 0.017519407394577153], [660000.0, 0.016521978347532808], [680000.0, 0.016046895630859426], [700000.0, 0.014844194994268131], [720000.0, 0.014024951627440253], [740000.0, 0.013381335562706109], [760000.0, 0.013660223622342123], [780000.0, 0.014901413092519866], [800000.0, 0.014592697507385823], [820000.0, 0.01454855663717239], [840000.0, 0.014727792621749728], [860000.0, 0.014851656981609512], [880000.0, 0.013956533755211152], [900000.0, 0.014784841805973538], [920000.0, 0.01460996812195837], [940000.0, 0.014350827065039231], [960000.0, 0.013689547209181453], [980000.0, 0.01387266015790076], [1000000.0, 0.013559129484604117]], [[20000.0, 0.11473074689499149], [40000.0, 0.0878621000038472], [60000.0, 0.08555202348078718], [80000.0, 0.07509962172966002], [100000.0, 0.06769407384649201], [120000.0, 0.05256962806422643], [140000.0, 0.04698420100624], [160000.0, 0.03834527160957547], [180000.0, 0.03086449101193496], [200000.0, 0.02589097626371027], [220000.0, 0.023060086742413496], [240000.0, 0.019175392862688306], [260000.0, 0.02035871884632155], [280000.0, 0.022926807958471292], [300000.0, 0.023705044894532123], [320000.0, 0.026603871934297574], [340000.0, 0.02586378919384531], [360000.0, 0.02564903216359734], [380000.0, 0.024250652990719643], [400000.0, 0.022098034143231717], [420000.0, 0.020898910264997926], [440000.0, 0.020497823207096616], [460000.0, 0.020448756283158172], [480000.0, 0.01969183277692842], [500000.0, 0.01744792837920771], [520000.0, 0.01803088451988996], [540000.0, 0.016746079213056594], [560000.0, 0.01562708068203481], [580000.0, 0.014913814821434125], [600000.0, 0.01606730898558479], [620000.0, 0.01661405689320478], [640000.0, 0.015827936209389496], [660000.0, 0.015961618087771006], [680000.0, 0.014530733316596548], [700000.0, 