{"starting_checkpoint": 20000, "num_checkpoints": 50, "checkpoint_duration": 20000, "num_experiments": 10, "estimation_errors": [[[20000.0, 0.1696413761957606], [40000.0, 0.1559575732532031], [60000.0, 0.1615509861248645], [80000.0, 0.1589235459910743], [100000.0, 0.143483050386566], [120000.0, 0.1378380372176342], [140000.0, 0.1451852294416471], [160000.0, 0.14090504002684046], [180000.0, 0.14089666720581126], [200000.0, 0.14447825482000232], [220000.0, 0.14340321020537505], [240000.0, 0.14146892931547023], [260000.0, 0.14101066304359797], [280000.0, 0.14321208103543764], [300000.0, 0.1431793934479951], [320000.0, 0.14293721683700453], [340000.0, 0.14457895034988247], [360000.0, 0.14204157097045636], [380000.0, 0.14125875810116043], [400000.0, 0.13984815181568472], [420000.0, 0.14102381686168156], [440000.0, 0.1403580372786141], [460000.0, 0.13988736241889915], [480000.0, 0.14094432932649306], [500000.0, 0.14137729515749625], [520000.0, 0.1399720168162753], [540000.0, 0.13945242398240992], [560000.0, 0.13781308893427785], [580000.0, 0.1338241621615599], [600000.0, 0.1358694783633041], [620000.0, 0.13683723462244904], [640000.0, 0.13686239505911246], [660000.0, 0.13891955249064442], [680000.0, 0.13975638905993992], [700000.0, 0.13929344271692384], [720000.0, 0.13869233529756667], [740000.0, 0.1381819567331968], [760000.0, 0.13902526843313515], [780000.0, 0.13796932605791554], [800000.0, 0.13700775296011125], [820000.0, 0.13763028703723246], [840000.0, 0.1367301243212391], [860000.0, 0.13708994491861407], [880000.0, 0.13886785707007782], [900000.0, 0.13827225254672373], [920000.0, 0.13932741804089427], [940000.0, 0.13846649944812314], [960000.0, 0.1373284727054424], [980000.0, 0.13737502172345137], [1000000.0, 0.1374660846373267]], [[20000.0, 0.12690522481290945], [40000.0, 0.12288454184745734], [60000.0, 0.09623180766455099], [80000.0, 0.09584839819067306], [100000.0, 0.10021441382978946], [120000.0, 0.09986429630697377], [140000.0, 0.09600165258968194], [160000.0, 0.09823639576259567], [180000.0, 0.10038289471183955], [200000.0, 0.09850972435021801], [220000.0, 0.09848913428586767], [240000.0, 0.09822392120080568], [260000.0, 0.09878974867906715], [280000.0, 0.10505128739503644], [300000.0, 0.10681658941368057], [320000.0, 0.1106618674546196], [340000.0, 0.11328584940795478], [360000.0, 0.11450044026449108], [380000.0, 0.1123006172377346], [400000.0, 0.11350236200417962], [420000.0, 0.11210920658756778], [440000.0, 0.11333260138176875], [460000.0, 0.11333944969570534], [480000.0, 0.11375947747030463], [500000.0, 0.11443086145502517], [520000.0, 0.11683436654868004], [540000.0, 0.11718444496800695], [560000.0, 0.11712383589698167], [580000.0, 0.11875467940738674], [600000.0, 0.11825874291222616], [620000.0, 0.11791064004752976], [640000.0, 0.11832213666598977], [660000.0, 0.1199943608045745], [680000.0, 0.11960834624160088], [700000.0, 0.12003388062362885], [720000.0, 0.12181974982284897], [740000.0, 0.12152091655439785], [760000.0, 0.1225704476144509], [780000.0, 0.1223768298246457], [800000.0, 0.12286099264764691], [820000.0, 0.12353165566517249], [840000.0, 0.12435131701886323], [860000.0, 0.12587058909374513], [880000.0, 0.12467746503309186], [900000.0, 0.12479741081348034], [920000.0, 0.12374870319325919], [940000.0, 0.12338770468768029], [960000.0, 0.12158963597580183], [980000.0, 0.12240799765325096], [1000000.0, 0.12171974961673072]], [[20000.0, 0.21500429227509818], [40000.0, 0.1457622659223705], [60000.0, 0.1192798504190233], [80000.0, 0.1282568689312574], [100000.0, 0.12788017688364195], [120000.0, 0.13199254664621562], [140000.0, 0.12961096489825188], [160000.0, 0.1292215147322913], [180000.0, 0.1282369508897466], [200000.0, 0.1324753961520737], [220000.0, 0.13422022245744772], [240000.0, 0.1349762011972694], [260000.0, 0.1364000935177278], [280000.0, 0.13444180289167443], [300000.0, 0.13842778284639], [320000.0, 0.14086682306976037], [340000.0, 0.1402317905263242], [360000.0, 0.13822243829017758], [380000.0, 0.13696751025752055], [400000.0, 0.13909819761801992], [420000.0, 0.1413060445232202], [440000.0, 0.13936996741518953], [460000.0, 0.13911472483788595], [480000.0, 0.13594653744966742], [500000.0, 0.13534529187503264], [520000.0, 0.13502851999007495], [540000.0, 0.13496026358477275], [560000.0, 0.13572549323399155], [580000.0, 0.1351862401155469], [600000.0, 0.13546266432512813], [620000.0, 0.13571410668348804], [640000.0, 0.1368215528670011], [660000.0, 0.1397103666451468], [680000.0, 0.13971738975325043], [700000.0, 0.1388618674579661], [720000.0, 0.1394343385245802], [740000.0, 0.138014647839647], [760000.0, 0.13891605586200514], [780000.0, 0.13866135011951974], [800000.0, 0.1386538932188344], [820000.0, 0.13834137727883444], [840000.0, 0.13878706509782412], [860000.0, 0.13742883100268494], [880000.0, 0.13789624066987916], [900000.0, 0.13829683790527664], [920000.0, 0.1386539577481827], [940000.0, 0.13967423599252873], [960000.0, 0.13928783965181776], [980000.0, 0.1385904325891729], [1000000.0, 0.13913705120260467]], [[20000.0, 0.1983002977825577], [40000.0, 0.16522747923221986], [60000.0, 0.14976242029541006], [80000.0, 0.16039428566848066], [100000.0, 0.15534025921257993], [120000.0, 0.16477116653847815], [140000.0, 0.15973292861299726], [160000.0, 0.15603144068309477], [180000.0, 0.1566385790110282], [200000.0, 0.1553789509626207], [220000.0, 0.15256374961223826], [240000.0, 0.15361739860063212], [260000.0, 0.1598020308968832], [280000.0, 0.16264495252687117], [300000.0, 0.16500871260697292], [320000.0, 0.16391869529483688], [340000.0, 0.1669705961539686], [360000.0, 0.16632210709720277], [380000.0, 0.16311848253986583], [400000.0, 0.16110654806590038], [420000.0, 0.160996971554231], [440000.0, 0.16044307606279024], [460000.0, 0.15949441755812016], [480000.0, 0.15911248148046103], [500000.0, 0.15883179752179263], [520000.0, 0.16039893513227824], [540000.0, 0.1605437553090858], [560000.0, 0.16239976559202773], [580000.0, 0.16108423143865494], [600000.0, 0.1601372742388846], [620000.0, 0.1624536118105586], [640000.0, 0.16267460368612074], [660000.0, 0.16461295031333126], [680000.0, 0.16315709383034394], [700000.0, 0.16076129554678878], [720000.0, 0.16084598832739033], [740000.0, 0.16074991874435035], [760000.0, 0.1611874846659833], [780000.0, 0.16219107859478774], [800000.0, 0.16188145946579116], [820000.0, 0.15922338310821055], [840000.0, 0.1595270156649887], [860000.0, 0.15967344980373238], [880000.0, 0.16017031443387852], [900000.0, 0.15843972090462985], [920000.0, 0.15763678972812528], [940000.0, 0.15903326678369842], [960000.0, 0.15738004766255798], [980000.0, 0.15758384661918523], [1000000.0, 0.15737401273159382]], [[20000.0, 0.19621985603931733], [40000.0, 0.18690294229788976], [60000.0, 0.16478354999785935], [80000.0, 0.15796752543204529], [100000.0, 0.15089353469065186], [120000.0, 0.1513570486718507], [140000.0, 0.14456476959459297], [160000.0, 0.14676198179357292], [180000.0, 0.14326763930719186], [200000.0, 0.1390263707353763], [220000.0, 0.14196615624658496], [240000.0, 0.138805001402332], [260000.0, 0.14281172319417795], [280000.0, 0.13895761208170657], [300000.0, 0.13867170789511832], [320000.0, 0.1390821108024414], [340000.0, 0.14166248398573725], [360000.0, 0.1406179833368792], [380000.0, 0.1414016763851363], [400000.0, 0.139263637045662], [420000.0, 0.1383308377208797], [440000.0, 0.1364344403533447], [460000.0, 0.13522826849558683], [480000.0, 0.13469536237680424], [500000.0, 0.13192926002750938], [520000.0, 0.13157304220586732], [540000.0, 0.1323298031577302], [560000.0, 0.13081262209518624], [580000.0, 0.13062069474087412], [600000.0, 0.13207656118468142], [620000.0, 0.13126109077457207], [640000.0, 0.13118556555456232], [660000.0, 0.13185524414520272], [680000.0, 0.1316068015868067], [700000.0, 0.13147999659907136], [720000.0, 0.13195055266129874], [740000.0, 0.13102024301746237], [760000.0, 0.12927200875093112], [780000.0, 0.13115187066222134], [800000.0, 0.1290250752480542], [820000.0, 