{"starting_checkpoint": 20000, "num_checkpoints": 50, "checkpoint_duration": 20000, "num_experiments": 10, "estimation_errors": [[[20000.0, 2.111931233334704], [40000.0, 2.073386798745771], [60000.0, 2.2001688421365184], [80000.0, 2.1360320703698155], [100000.0, 2.1464588254871857], [120000.0, 2.2417377114491335], [140000.0, 2.170343753723215], [160000.0, 2.167674393248471], [180000.0, 2.195142042291018], [200000.0, 2.27324099782258], [220000.0, 2.2876986683549525], [240000.0, 2.2982588218847786], [260000.0, 2.25255143565722], [280000.0, 2.2348403614493306], [300000.0, 2.183225928953256], [320000.0, 2.2130146992675614], [340000.0, 2.223768917090767], [360000.0, 2.2243198067985444], [380000.0, 2.2302813611393284], [400000.0, 2.233304017662689], [420000.0, 2.2070649313205335], [440000.0, 2.2153793699673057], [460000.0, 2.17901393194805], [480000.0, 2.1566158967603], [500000.0, 2.1266019478585796], [520000.0, 2.1205409458469084], [540000.0, 2.142728455307945], [560000.0, 2.143160814612763], [580000.0, 2.126699987417614], [600000.0, 2.1111672276387217], [620000.0, 2.1245101117873864], [640000.0, 2.1372933213608087], [660000.0, 2.154592783590384], [680000.0, 2.1660541813568375], [700000.0, 2.1607769671008], [720000.0, 2.1515098370151473], [740000.0, 2.150110194070478], [760000.0, 2.147125880965451], [780000.0, 2.1486525347108167], [800000.0, 2.153461509812204], [820000.0, 2.1542702282663977], [840000.0, 2.167679858039978], [860000.0, 2.177684184884252], [880000.0, 2.183874299303869], [900000.0, 2.1906143386345684], [920000.0, 2.191321557277469], [940000.0, 2.1706307677862586], [960000.0, 2.1710117780729483], [980000.0, 2.173802526632977], [1000000.0, 2.180227221142087]], [[20000.0, 2.9391508902441887], [40000.0, 2.6076319843402667], [60000.0, 2.3420656868022562], [80000.0, 2.220779661516275], [100000.0, 2.1113777219980454], [120000.0, 2.135341139345242], [140000.0, 2.0819746426281993], [160000.0, 2.0969155427457777], [180000.0, 1.9849595370899822], [200000.0, 2.0189709249706396], [220000.0, 1.9784649551855527], [240000.0, 2.0228230288116817], [260000.0, 2.008519451521507], [280000.0, 1.9457932309002586], [300000.0, 1.9225563138019215], [320000.0, 1.8853554070966252], [340000.0, 1.9035406348677575], [360000.0, 1.9162371641512037], [380000.0, 1.9311957571600131], [400000.0, 1.9409481783482572], [420000.0, 1.9613930983411516], [440000.0, 1.948212479700614], [460000.0, 1.9486840276578217], [480000.0, 1.9700049956520187], [500000.0, 1.9537857646087735], [520000.0, 1.9532738816861335], [540000.0, 1.958087618497867], [560000.0, 1.9376913168253957], [580000.0, 1.9321673767832546], [600000.0, 1.9432254447694826], [620000.0, 1.9428518102128751], [640000.0, 1.9398278648896057], [660000.0, 1.9551918761158202], [680000.0, 1.951088947614781], [700000.0, 1.952677401835734], [720000.0, 1.961971660650088], [740000.0, 1.9592210217296613], [760000.0, 1.9497084891715168], [780000.0, 1.9450377247526542], [800000.0, 1.9497929413222763], [820000.0, 1.9410870210749787], [840000.0, 1.9425424715227866], [860000.0, 1.9372207840960591], [880000.0, 1.933571741300783], [900000.0, 1.9394743272589456], [920000.0, 1.9505490005825052], [940000.0, 1.9558998506975842], [960000.0, 1.9396076242697822], [980000.0, 1.9401462405319205], [1000000.0, 1.9340859426556452]], [[20000.0, 1.5746932471274302], [40000.0, 1.6453646648774747], [60000.0, 1.7365859654573716], [80000.0, 1.715380986023268], [100000.0, 1.7658417053812163], [120000.0, 1.7783742907753008], [140000.0, 1.83862687986705], [160000.0, 1.8692946083062267], [180000.0, 1.8818400318796558], [200000.0, 1.875265342203388], [220000.0, 1.878201714507694], [240000.0, 1.8766908211835476], [260000.0, 1.881248677121043], [280000.0, 1.8693305213702691], [300000.0, 1.8828627401117994], [320000.0, 1.8797183333647376], [340000.0, 1.8729512329076214], [360000.0, 1.84430249567417], [380000.0, 1.8264118867761594], [400000.0, 1.823995615317333], [420000.0, 1.8373684498485052], [440000.0, 1.8260807528419811], [460000.0, 1.8152042338903764], [480000.0, 1.8341954053587541], [500000.0, 1.8392748338838263], [520000.0, 1.8427673019316162], [540000.0, 1.860029715020625], [560000.0, 1.853120332065421], [580000.0, 1.8761878488619987], [600000.0, 1.8663637662226658], [620000.0, 1.8645255778716925], [640000.0, 1.8791449286008641], [660000.0, 1.8864290803354495], [680000.0, 1.8931104438947501], [700000.0, 1.8905189879681348], [720000.0, 1.8896551061728595], [740000.0, 1.8730826058901298], [760000.0, 1.862441157982603], [780000.0, 1.8637159158582337], [800000.0, 1.8708122767295026], [820000.0, 1.878661503915576], [840000.0, 1.8752424524795477], [860000.0, 1.8740495871640304], [880000.0, 1.878003457170921], [900000.0, 1.8763291080839122], [920000.0, 1.8752382157938603], [940000.0, 1.8788610554853586], [960000.0, 1.8903753571935193], [980000.0, 1.9012511294022123], [1000000.0, 1.8973297323652532]], [[20000.0, 1.402983669581492], [40000.0, 1.3018313972559028], [60000.0, 1.331760137212075], [80000.0, 1.3125054644896468], [100000.0, 1.3309957554590044], [120000.0, 1.3319527984333133], [140000.0, 1.3079007576775064], [160000.0, 1.3112720355646632], [180000.0, 1.3231262569238922], [200000.0, 1.303477025972351], [220000.0, 1.3035083012185686], [240000.0, 1.300383362223765], [260000.0, 1.3118949141829799], [280000.0, 1.3019815747754275], [300000.0, 1.3048814261482782], [320000.0, 1.3061527113119524], [340000.0, 1.2943946059561184], [360000.0, 1.2978682859790889], [380000.0, 1.2938319810233252], [400000.0, 1.2960992498290136], [420000.0, 1.3011477133988838], [440000.0, 1.302883175800387], [460000.0, 1.307501120439088], [480000.0, 1.3028933615700902], [500000.0, 1.2986855697698596], [520000.0, 1.2997353075831255], [540000.0, 1.2997034276423374], [560000.0, 1.2976355139382558], [580000.0, 1.2965537826937876], [600000.0, 1.2892413486498198], [620000.0, 1.2892373232300194], [640000.0, 1.2851996844950573], [660000.0, 1.2879020451368943], [680000.0, 1.287598768697272], [700000.0, 1.2895706948988699], [720000.0, 1.288135215348149], [740000.0, 1.287462591832494], [760000.0, 1.2863089859119994], [780000.0, 1.2892928695824142], [800000.0, 1.2906294252227832], [820000.0, 1.2931242354014405], [840000.0, 1.2920587772642196], [860000.0, 1.2928651724575664], [880000.0, 1.291070021240893], [900000.0, 1.2926220780612896], [920000.0, 1.290302916830841], [940000.0, 1.2937887303486948], [960000.0, 1.2969891247359608], [980000.0, 1.3003252659745195], [1000000.0, 1.3003826675852586]], [[20000.0, 2.2133341860318296], [40000.0, 2.308560695121853], [60000.0, 2.2785528265294825], [80000.0, 2.4562086563399568], [100000.0, 2.3988182893172265], [120000.0, 2.2848541693751208], [140000.0, 2.3187607628136018], [160000.0, 2.4077803509689963], [180000.0, 2.4327621329307947], [200000.0, 2.4036413378029753], [220000.0, 2.4284481104044313], [240000.0, 2.4625648235247466], [260000.0, 2.453538066067607], [280000.0, 2.4685058078357067], [300000.0, 2.4645877600907413], [320000.0, 2.461507151283349], [340000.0, 2.4473241274059307], [360000.0, 2.4687618202798247], [380000.0, 2.520642187574208], [400000.0, 2.546503510989518], [420000.0, 2.5292960672397187], [440000.0, 2.5294478699947374], [460000.0, 2.46567679187933], [480000.0, 2.4477216778025594], [500000.0, 2.4495295856599597], [520000.0, 2.462954732310649], [540000.0, 2.4396812752058956], [560000.0, 2.4336800505999223], [580000.0, 2.43071964479843], [600000.0, 2.4264413879701325], [620000.0, 2.44087585196311], [640000.0, 2.4297935660203693], [660000.0, 2.4264362210772354], [680000.0, 2.426345374937286], [700000.0, 2.4344392854148738], [720000.0, 2.448903845796271], [740000.0, 2.4341644723370344], [760000.0, 2.4109924070407227], [780000.0, 2.4125455439552175], [800000.0, 2.4036679285053406], [820000.0, 2.3998066979634065], [840000.0, 2.390762334480355], [860000.0, 2.405786112640111], [880000.0, 2.404671434476894], [900000.0, 2.4133016521395656], [920000.0, 2.4164664077200224], [940000.0, 2.415958475113219], [960000.0, 2.418325016886127], [980000.0, 