{"starting_checkpoint": 20000, "num_checkpoints": 50, "checkpoint_duration": 20000, "num_experiments": 10, "estimation_errors": [[[20000.0, 0.12567693447320477], [40000.0, 0.12052579611264141], [60000.0, 0.11465713237210888], [80000.0, 0.09224642255413328], [100000.0, 0.0785026621952456], [120000.0, 0.07376913858628312], [140000.0, 0.06350607267421629], [160000.0, 0.06296495038675864], [180000.0, 0.05726579426959537], [200000.0, 0.06170354428127117], [220000.0, 0.06410995541968632], [240000.0, 0.06649832034925897], [260000.0, 0.0712491394186204], [280000.0, 0.07150860998100751], [300000.0, 0.07131324990523481], [320000.0, 0.07012292617427296], [340000.0, 0.0706027206131426], [360000.0, 0.06832372144917925], [380000.0, 0.06873728756235661], [400000.0, 0.07003010646682883], [420000.0, 0.07045230402818858], [440000.0, 0.06915667037963692], [460000.0, 0.06836889467822056], [480000.0, 0.06861295037768805], [500000.0, 0.07065959327174745], [520000.0, 0.06998819143044527], [540000.0, 0.06968214722461163], [560000.0, 0.06794179322671046], [580000.0, 0.06723644541154919], [600000.0, 0.06759857934026409], [620000.0, 0.06708388690206393], [640000.0, 0.06736690917967399], [660000.0, 0.06674565636251342], [680000.0, 0.06710687954088344], [700000.0, 0.06612469806117532], [720000.0, 0.06482622804035085], [740000.0, 0.06468947139469886], [760000.0, 0.06481902470555496], [780000.0, 0.06547220361304262], [800000.0, 0.06651098147364247], [820000.0, 0.06700216813915273], [840000.0, 0.06655334818574898], [860000.0, 0.0659994838418302], [880000.0, 0.06562066096448463], [900000.0, 0.06495616438759289], [920000.0, 0.06415641571380745], [940000.0, 0.06409605332755472], [960000.0, 0.06425327630167356], [980000.0, 0.06397749326434143], [1000000.0, 0.06350719363235989]], [[20000.0, 0.18939154157881188], [40000.0, 0.16082247192043622], [60000.0, 0.13635680903857839], [80000.0, 0.10916785536493218], [100000.0, 0.09956278754509694], [120000.0, 0.09117811100394942], [140000.0, 0.08972734748791021], [160000.0, 0.09191577625253625], [180000.0, 0.08814954878542054], [200000.0, 0.08557780136908395], [220000.0, 0.08462509855605028], [240000.0, 0.08773181333633322], [260000.0, 0.08852894317941186], [280000.0, 0.08686801561823845], [300000.0, 0.08882054079022225], [320000.0, 0.0930914239039357], [340000.0, 0.09321791877445944], [360000.0, 0.09767102022501686], [380000.0, 0.09863973889403271], [400000.0, 0.09431475311149316], [420000.0, 0.09171265859128659], [440000.0, 0.08973833590733252], [460000.0, 0.09222692429394651], [480000.0, 0.09361727092754675], [500000.0, 0.09442225481807077], [520000.0, 0.09472143653286696], [540000.0, 0.09240163844433706], [560000.0, 0.09306160208516544], [580000.0, 0.09099835142970873], [600000.0, 0.09059708809409912], [620000.0, 0.09047005625339279], [640000.0, 0.08913298583734722], [660000.0, 0.08824525195353057], [680000.0, 0.08872367059365258], [700000.0, 0.08725087410864163], [720000.0, 0.08709733262094187], [740000.0, 0.08705755723807834], [760000.0, 0.08603551935420647], [780000.0, 0.08660746271865588], [800000.0, 0.08714378001689745], [820000.0, 0.08678407381319896], [840000.0, 0.08633349593836179], [860000.0, 0.08579489747398096], [880000.0, 0.08572578310863867], [900000.0, 0.0855462813695704], [920000.0, 0.08424754361999427], [940000.0, 0.08339782106989896], [960000.0, 0.08277650800470764], [980000.0, 0.08317212143332749], [1000000.0, 0.08210400544892948]], [[20000.0, 0.12501615223362744], [40000.0, 0.10798892017367756], [60000.0, 0.10173466566077681], [80000.0, 0.08576974952062416], [100000.0, 0.0825787959558737], [120000.0, 0.08044525561585034], [140000.0, 0.08200731747813621], [160000.0, 0.08910615414339684], [180000.0, 0.09089722898365496], [200000.0, 0.09017551490239775], [220000.0, 0.09113330401477146], [240000.0, 0.09165001843740259], [260000.0, 0.09021617923344805], [280000.0, 0.0923636998259742], [300000.0, 0.09370348627673362], [320000.0, 0.09549883838757942], [340000.0, 0.09513106504017509], [360000.0, 0.09375007382454853], [380000.0, 0.09470004846625403], [400000.0, 0.09534784748147654], [420000.0, 0.09426226073759521], [440000.0, 0.09605503106616328], [460000.0, 0.09481877321394128], [480000.0, 0.09439979782179438], [500000.0, 0.0935860464249803], [520000.0, 0.09313606153292817], [540000.0, 0.0934657792238512], [560000.0, 0.09414433578374447], [580000.0, 0.09265698967125688], [600000.0, 0.09381534277193007], [620000.0, 0.09301508278869819], [640000.0, 0.09242788542984191], [660000.0, 0.09278224859062763], [680000.0, 0.0933528259381171], [700000.0, 0.09312465134411663], [720000.0, 0.09228499686359522], [740000.0, 0.09221008025244758], [760000.0, 0.09226604457934681], [780000.0, 0.09149627174840652], [800000.0, 0.0913570289279148], [820000.0, 0.09131202014798052], [840000.0, 0.09261770893962717], [860000.0, 0.09163454344009862], [880000.0, 0.08993390257986739], [900000.0, 0.08856389674334061], [920000.0, 0.08801682129388577], [940000.0, 0.08877790413691315], [960000.0, 0.0884936853009642], [980000.0, 0.08942546273171012], [1000000.0, 0.08966581765295323]], [[20000.0, 0.17989305872346378], [40000.0, 0.13963606956028818], [60000.0, 0.11697998616677363], [80000.0, 0.1060849419186154], [100000.0, 0.099431840054513], [120000.0, 0.09284746846304681], [140000.0, 0.0962681586456746], [160000.0, 0.09894528809564224], [180000.0, 0.09583100055153408], [200000.0, 0.09880850369669467], [220000.0, 0.10168119102078975], [240000.0, 0.10458619890301334], [260000.0, 0.10496667469474971], [280000.0, 0.10264349680573862], [300000.0, 0.09684879514991418], [320000.0, 0.09221057972510187], [340000.0, 0.0909373084321133], [360000.0, 0.09176400548011039], [380000.0, 0.09022370823679697], [400000.0, 0.09106612311236424], [420000.0, 0.09005662026274952], [440000.0, 0.09274965761138579], [460000.0, 0.09364757120131662], [480000.0, 0.0955520454689326], [500000.0, 0.0974366040882601], [520000.0, 0.10158567742295406], [540000.0, 0.10250673498334709], [560000.0, 0.09990903192790615], [580000.0, 0.09797480202508059], [600000.0, 0.09719548742958474], [620000.0, 0.09547969223089678], [640000.0, 0.0947019738636452], [660000.0, 0.09471845167629443], [680000.0, 0.0941943782421161], [700000.0, 0.09381581209901571], [720000.0, 0.0956832926657895], [740000.0, 0.09699593759737792], [760000.0, 0.09584656267234937], [780000.0, 0.09455550145269483], [800000.0, 0.09507460754571619], [820000.0, 0.0947736457733862], [840000.0, 0.09572117240555111], [860000.0, 0.09617015228338831], [880000.0, 0.09562436387384604], [900000.0, 0.09557691842304646], [920000.0, 0.09593540997242324], [940000.0, 0.0966777404881212], [960000.0, 0.09658711206025301], [980000.0, 0.09616393387257656], [1000000.0, 0.09612570793995107]], [[20000.0, 0.13684739612283206], [40000.0, 0.10418288217697846], [60000.0, 0.09612763244560986], [80000.0, 0.09389665445489336], [100000.0, 0.08824254061849626], [120000.0, 0.09059985087552906], [140000.0, 0.08815895044999747], [160000.0, 0.08215508909259599], [180000.0, 0.07802258815299802], [200000.0, 0.07525127106422227], [220000.0, 0.07716981352369509], [240000.0, 0.07949610706824656], [260000.0, 0.07902315525871806], [280000.0, 0.08146081792265707], [300000.0, 0.08156667745059126], [320000.0, 0.08466950779385542], [340000.0, 0.08429075918108442], [360000.0, 0.08602654105586426], [380000.0, 0.09030803511010861], [400000.0, 0.09058207167382233], [420000.0, 0.09201666781222523], [440000.0, 0.0918409272552219], [460000.0, 0.09063631660074349], [480000.0, 0.09160040016522009], [500000.0, 0.08989585344329921], [520000.0, 0.08964961348863537], [540000.0, 0.08931622594799146], [560000.0, 0.08849485609161205], [580000.0, 0.08830545197067481], [600000.0, 0.08642235625734065], [620000.0, 0.08681319393054948], [640000.0, 0.08754119208234237], [660000.0, 0.08732180436615926], [680000.0, 0.08607583882805085], [700000.0, 0.08600278639740021], [720000.0, 0.08555179648372754], [740000.0, 0.08600563289180303], [760000.0, 0.08563444960588472], [780000.0, 0.08610910492592115], [800000.0, 