{"starting_checkpoint": 20000, "num_checkpoints": 50, "checkpoint_duration": 20000, "num_experiments": 10, "estimation_errors": [[[20000.0, 0.15071888240771283], [40000.0, 0.13489552868093443], [60000.0, 0.1143347057999139], [80000.0, 0.15632874884773218], [100000.0, 0.1591303269733389], [120000.0, 0.15785359297598953], [140000.0, 0.15391697991753597], [160000.0, 0.16543120544752427], [180000.0, 0.1716387688952938], [200000.0, 0.1815436763157787], [220000.0, 0.17805854283522343], [240000.0, 0.182708654923648], [260000.0, 0.18861192259713477], [280000.0, 0.1938066311870907], [300000.0, 0.20018286464562174], [320000.0, 0.19610891783965204], [340000.0, 0.1914252267844631], [360000.0, 0.19234669239613555], [380000.0, 0.19042549352359758], [400000.0, 0.191479030629212], [420000.0, 0.19344031641192336], [440000.0, 0.19510812870120972], [460000.0, 0.19667662172092187], [480000.0, 0.19760711075522], [500000.0, 0.19890211463608257], [520000.0, 0.19905776537565642], [540000.0, 0.20497632856642445], [560000.0, 0.20320305894975207], [580000.0, 0.20520512178611883], [600000.0, 0.20331561636188533], [620000.0, 0.20409431262225802], [640000.0, 0.20332566754423959], [660000.0, 0.20228707206224686], [680000.0, 0.19945049942816948], [700000.0, 0.19697827081591113], [720000.0, 0.1959465547369743], [740000.0, 0.1923977340531807], [760000.0, 0.19309727713385383], [780000.0, 0.19089845667849203], [800000.0, 0.19096104075427314], [820000.0, 0.1920336760860015], [840000.0, 0.19138544499142607], [860000.0, 0.19284623236287302], [880000.0, 0.19463658236941275], [900000.0, 0.19626769652884016], [920000.0, 0.19447166754144077], [940000.0, 0.1933805810053586], [960000.0, 0.1940926065563336], [980000.0, 0.19523197539129786], [1000000.0, 0.19636084206990198]], [[20000.0, 0.16106457451736697], [40000.0, 0.1352649815841487], [60000.0, 0.1371298558860622], [80000.0, 0.13560778774811114], [100000.0, 0.13669260893198035], [120000.0, 0.13590150294491443], [140000.0, 0.14058872606348732], [160000.0, 0.15096315551700557], [180000.0, 0.15725991934492706], [200000.0, 0.15174410336118768], [220000.0, 0.15105151053342233], [240000.0, 0.14723451945163749], [260000.0, 0.14731584202204775], [280000.0, 0.1489400178309119], [300000.0, 0.15009283189902278], [320000.0, 0.1491845881459843], [340000.0, 0.15162709011880152], [360000.0, 0.15185989437072614], [380000.0, 0.15277277908458772], [400000.0, 0.153593508460861], [420000.0, 0.15805506168291633], [440000.0, 0.15707495195065985], [460000.0, 0.15487924660184998], [480000.0, 0.1538913859554298], [500000.0, 0.1526300350285295], [520000.0, 0.15110004651232803], [540000.0, 0.1496913643071743], [560000.0, 0.14958201795396014], [580000.0, 0.14787309436125887], [600000.0, 0.14789766913676727], [620000.0, 0.14527465790836283], [640000.0, 0.14501409638668947], [660000.0, 0.144153743147777], [680000.0, 0.14505821913086261], [700000.0, 0.14422624661431063], [720000.0, 0.1455012617462356], [740000.0, 0.14586514221864225], [760000.0, 0.14467984312141413], [780000.0, 0.14274582815587075], [800000.0, 0.14142941205306456], [820000.0, 0.14228692293407255], [840000.0, 0.14269929653425045], [860000.0, 0.1431560478882843], [880000.0, 0.14324212080380408], [900000.0, 0.1434905905201588], [920000.0, 0.1435429756489919], [940000.0, 0.14416142328324402], [960000.0, 0.14497255123110078], [980000.0, 0.14585913215176588], [1000000.0, 0.14582483501617896]], [[20000.0, 0.09600480738875948], [40000.0, 0.08609934908891533], [60000.0, 0.10649658520818157], [80000.0, 0.10776566462036367], [100000.0, 0.10856323825966802], [120000.0, 0.10872124445710267], [140000.0, 0.1113996024277169], [160000.0, 0.1117223662684314], [180000.0, 0.11052163231577394], [200000.0, 0.11832169097596115], [220000.0, 0.11525286738064898], [240000.0, 0.12278029541013538], [260000.0, 0.1260154361656361], [280000.0, 0.12468511039687549], [300000.0, 0.1181760316377347], [320000.0, 0.11803042543310989], [340000.0, 0.11611341921794227], [360000.0, 0.12104838078667877], [380000.0, 0.11798586908645453], [400000.0, 0.12005129512001132], [420000.0, 0.12140593833205202], [440000.0, 0.12060679592018744], [460000.0, 0.12169229957533911], [480000.0, 0.12267330545147974], [500000.0, 0.12470599922478197], [520000.0, 0.12301035117430105], [540000.0, 0.1234395053033173], [560000.0, 0.12398077774877565], [580000.0, 0.12592658344624008], [600000.0, 0.12584231349694427], [620000.0, 0.12524623959523454], [640000.0, 0.12156699023300385], [660000.0, 0.11911117596571379], [680000.0, 0.11854486001120987], [700000.0, 0.12040640644442004], [720000.0, 0.12021123077444894], [740000.0, 0.12297419726117277], [760000.0, 0.12251697802428659], [780000.0, 0.1240650229976396], [800000.0, 0.12455024723686633], [820000.0, 0.12560166971476808], [840000.0, 0.12434353350776801], [860000.0, 0.1237459638588166], [880000.0, 0.12347840865528836], [900000.0, 0.12457289213266833], [920000.0, 0.12543408793315608], [940000.0, 0.12602043825498904], [960000.0, 0.12528046906087736], [980000.0, 0.12429626265457848], [1000000.0, 0.12319449902274718]], [[20000.0, 0.28447225322420694], [40000.0, 0.21637762722037734], [60000.0, 0.1897316908197332], [80000.0, 0.17970446720835767], [100000.0, 0.1865024979871862], [120000.0, 0.17535558336842497], [140000.0, 0.18148606009703258], [160000.0, 0.17788464156811648], [180000.0, 0.18604415748350372], [200000.0, 0.1764711927104913], [220000.0, 0.1825014331620784], [240000.0, 0.1856720955064867], [260000.0, 0.1723875836328301], [280000.0, 0.1683021258637606], [300000.0, 0.16929559102822822], [320000.0, 0.1700174888224998], [340000.0, 0.17315011004219977], [360000.0, 0.17235592304507158], [380000.0, 0.17016063837152157], [400000.0, 0.16884494708875225], [420000.0, 0.17287645822135295], [440000.0, 0.1754164523520293], [460000.0, 0.17500578239528358], [480000.0, 0.1725198759565535], [500000.0, 0.17163472993158724], [520000.0, 0.17346319531965096], [540000.0, 0.17061166291053864], [560000.0, 0.1706120659007265], [580000.0, 0.17189291992360778], [600000.0, 0.16999236889002903], [620000.0, 0.17009676395635664], [640000.0, 0.16975295134039445], [660000.0, 0.17287881965627713], [680000.0, 0.17252644087009683], [700000.0, 0.17211740926393382], [720000.0, 0.17096135647468913], [740000.0, 0.17235171267825114], [760000.0, 0.17317634930994386], [780000.0, 0.17119874508319582], [800000.0, 0.17067745308474835], [820000.0, 0.16917674391051954], [840000.0, 0.1698052872625171], [860000.0, 0.16810146396456377], [880000.0, 0.16883558233001672], [900000.0, 0.16725352975860716], [920000.0, 0.166407301885759], [940000.0, 0.16817988144020843], [960000.0, 0.170499844011049], [980000.0, 0.17118625932925616], [1000000.0, 0.1728075599877581]], [[20000.0, 0.19110019029258485], [40000.0, 0.19007336809816094], [60000.0, 0.2050809466781619], [80000.0, 0.18842274778877052], [100000.0, 0.19732858306803108], [120000.0, 0.19991289125269965], [140000.0, 0.20526156461033931], [160000.0, 0.20156202225377076], [180000.0, 0.20435087317159678], [200000.0, 0.20235529738267136], [220000.0, 0.20276930687030445], [240000.0, 0.20528813579471558], [260000.0, 0.19884522980063418], [280000.0, 0.19587419909266737], [300000.0, 0.19948727411828593], [320000.0, 0.19842220500362334], [340000.0, 0.1955989561621343], [360000.0, 0.19766108113307596], [380000.0, 0.19385186410170555], [400000.0, 0.189518204862575], [420000.0, 0.1881951988551523], [440000.0, 0.1911823323865162], [460000.0, 0.1890208819932622], [480000.0, 0.19221872488292333], [500000.0, 0.19135080597257198], [520000.0, 0.1896875654386457], [540000.0, 0.18856399881082095], [560000.0, 0.186554396088684], [580000.0, 0.1854717004344454], [600000.0, 0.1886519729289776], [620000.0, 0.186585409609598], [640000.0, 0.18515538865849254], [660000.0, 0.18366907192817342], [680000.0, 0.18387025730412832], [700000.0, 0.17976759311719678], [720000.0, 0.17989826719663138], [740000.0, 0.17812636096816448], [760000.0, 0.17635953368988064], [780000.0, 0.1765006564472662], [800000.0, 0.17424370772282002], [820000.0, 