{"starting_checkpoint": 20000, "num_checkpoints": 50, "checkpoint_duration": 20000, "num_experiments": 10, "estimation_errors": [[[20000.0, 0.1306738973507205], [40000.0, 0.11610132296200851], [60000.0, 0.11878537542551762], [80000.0, 0.11688078225124], [100000.0, 0.11462212482517302], [120000.0, 0.12974214197467182], [140000.0, 0.12361846242950549], [160000.0, 0.12621917152892256], [180000.0, 0.13386762670921135], [200000.0, 0.13613780723527763], [220000.0, 0.1385703128496569], [240000.0, 0.13938377484766196], [260000.0, 0.14127943487119185], [280000.0, 0.1413230781105033], [300000.0, 0.13992646285758029], [320000.0, 0.143824535848695], [340000.0, 0.14338855567481565], [360000.0, 0.14605472890119792], [380000.0, 0.14935587698199698], [400000.0, 0.1475280766471252], [420000.0, 0.14693168219838426], [440000.0, 0.1473564482301885], [460000.0, 0.14791534591620284], [480000.0, 0.1482935440132926], [500000.0, 0.14737159929871338], [520000.0, 0.14993891136872137], [540000.0, 0.1514475420159604], [560000.0, 0.1500623892352357], [580000.0, 0.14874304212430617], [600000.0, 0.14822498513095303], [620000.0, 0.14919692856436895], [640000.0, 0.14906066833507794], [660000.0, 0.1471004474541567], [680000.0, 0.1473953116298037], [700000.0, 0.14735772796963514], [720000.0, 0.1465100442873052], [740000.0, 0.1482331276217397], [760000.0, 0.14614341046269128], [780000.0, 0.1453347637956726], [800000.0, 0.14569284755912157], [820000.0, 0.14556557334830925], [840000.0, 0.1467308280705326], [860000.0, 0.1453638336537317], [880000.0, 0.14497007094468545], [900000.0, 0.14610550788302332], [920000.0, 0.14546733085666505], [940000.0, 0.14630131250985973], [960000.0, 0.1454000011208211], [980000.0, 0.14460765506463], [1000000.0, 0.14394682652681617]], [[20000.0, 0.3024099704541136], [40000.0, 0.2681725202618276], [60000.0, 0.2627803803261499], [80000.0, 0.2652902157435422], [100000.0, 0.25336615643417837], [120000.0, 0.23469903407958043], [140000.0, 0.23683691142261826], [160000.0, 0.24758247953848583], [180000.0, 0.24431261662338244], [200000.0, 0.2422748498089356], [220000.0, 0.23184767641311088], [240000.0, 0.2261833262470055], [260000.0, 0.22593170065454113], [280000.0, 0.2297229713488815], [300000.0, 0.2279220537382749], [320000.0, 0.2291497191674342], [340000.0, 0.22571408183679884], [360000.0, 0.22867804892935192], [380000.0, 0.23145336988062115], [400000.0, 0.2308318801584618], [420000.0, 0.22937364463168905], [440000.0, 0.2295654897050085], [460000.0, 0.22768388929093888], [480000.0, 0.22316616185136848], [500000.0, 0.22533108831953683], [520000.0, 0.22420465989328753], [540000.0, 0.22040727906224666], [560000.0, 0.2209921733272531], [580000.0, 0.21992927199953907], [600000.0, 0.22054274387105982], [620000.0, 0.219667896720288], [640000.0, 0.22017094710125643], [660000.0, 0.22174202219405428], [680000.0, 0.21948269795663197], [700000.0, 0.22089625656757486], [720000.0, 0.22295745815381074], [740000.0, 0.22629574274173858], [760000.0, 0.2275912114745664], [780000.0, 0.2277520899172545], [800000.0, 0.2306478643710067], [820000.0, 0.22955534280849502], [840000.0, 0.22926882553429112], [860000.0, 0.22899243883419904], [880000.0, 0.22601328634472936], [900000.0, 0.22638799018242403], [920000.0, 0.22590072516796839], [940000.0, 0.22609933296851312], [960000.0, 0.22606929994308844], [980000.0, 0.22415138191922918], [1000000.0, 0.2248094535690721]], [[20000.0, 0.24454841778040098], [40000.0, 0.24844666656575662], [60000.0, 0.23301068968905342], [80000.0, 0.25114593019430537], [100000.0, 0.26210110877034265], [120000.0, 0.26707030957287675], [140000.0, 0.26496231550886173], [160000.0, 0.265555987084807], [180000.0, 0.26173063380190703], [200000.0, 0.2607181914345857], [220000.0, 0.2627659116879406], [240000.0, 0.26086535210581707], [260000.0, 0.2637075273205097], [280000.0, 0.2635105096041396], [300000.0, 0.2664811455849653], [320000.0, 0.2643965354814429], [340000.0, 0.2642309663205543], [360000.0, 0.26004300510218015], [380000.0, 0.25667389810731867], [400000.0, 0.25737673757499374], [420000.0, 0.2564801682906816], [440000.0, 0.25456179118970296], [460000.0, 0.2548678071685986], [480000.0, 0.25682065870939813], [500000.0, 0.25935543152021917], [520000.0, 0.2580588258017746], [540000.0, 0.2535858455421891], [560000.0, 0.25468644803570273], [580000.0, 0.2559992296616806], [600000.0, 0.2566150351437525], [620000.0, 0.2579181899893284], [640000.0, 0.2588414347533262], [660000.0, 0.25641775565467256], [680000.0, 0.2556744370311285], [700000.0, 0.2542879913624331], [720000.0, 0.2526344628666157], [740000.0, 0.2524470448851282], [760000.0, 0.25406084392882966], [780000.0, 0.2528855879830552], [800000.0, 0.2525218597897083], [820000.0, 0.2506487033124799], [840000.0, 0.25119658823583974], [860000.0, 0.2514856633341622], [880000.0, 0.25523401752153413], [900000.0, 0.25557949137669533], [920000.0, 0.2573743911310027], [940000.0, 0.25970576040553], [960000.0, 0.2612593238120365], [980000.0, 0.2604787352606268], [1000000.0, 0.2622522670562014]], [[20000.0, 0.2832625748274545], [40000.0, 0.21793352429028764], [60000.0, 0.22290616659130014], [80000.0, 0.21760071627599067], [100000.0, 0.21688307002150328], [120000.0, 0.22036476703249291], [140000.0, 0.21843730738916092], [160000.0, 0.22345732284128586], [180000.0, 0.22047988990717388], [200000.0, 0.2148904647237058], [220000.0, 0.22197189981418425], [240000.0, 0.2204415562761141], [260000.0, 0.22252558104603076], [280000.0, 0.2213747044204188], [300000.0, 0.22018884989716206], [320000.0, 0.21915220239919112], [340000.0, 0.21953329926943987], [360000.0, 0.2210016984316754], [380000.0, 0.22039387558697326], [400000.0, 0.21954242895754936], [420000.0, 0.21831970234568576], [440000.0, 0.2186775636726319], [460000.0, 0.22252116310397732], [480000.0, 0.21815614906353326], [500000.0, 0.21688946701511422], [520000.0, 0.21444536765259445], [540000.0, 0.21181763241466067], [560000.0, 0.21282864955725697], [580000.0, 0.21229625774806068], [600000.0, 0.2138060820875618], [620000.0, 0.21533352382403428], [640000.0, 0.214500577937492], [660000.0, 0.21238072635936978], [680000.0, 0.21201714168117347], [700000.0, 0.21417348044420026], [720000.0, 0.216610418652169], [740000.0, 0.21570488359657844], [760000.0, 0.2176175466792506], [780000.0, 0.21702178672989564], [800000.0, 0.21806693592199794], [820000.0, 0.2181483585334905], [840000.0, 0.21616351411933238], [860000.0, 0.21683525983535137], [880000.0, 0.2192003645128092], [900000.0, 0.2198062058299189], [920000.0, 0.22002378498442218], [940000.0, 0.21894559922507595], [960000.0, 0.21904538485507968], [980000.0, 0.21957427268989524], [1000000.0, 0.21992864162460204]], [[20000.0, 0.1974356961176902], [40000.0, 0.19064477916895178], [60000.0, 0.17722909297275036], [80000.0, 0.20737080533944904], [100000.0, 0.20996174646183], [120000.0, 0.23357239410059746], [140000.0, 0.26232406720551277], [160000.0, 0.25846975718768733], [180000.0, 0.25444679191289243], [200000.0, 0.2538935392187494], [220000.0, 0.2535687361747439], [240000.0, 0.2590550990456343], [260000.0, 0.26298962649116725], [280000.0, 0.2618601498613466], [300000.0, 0.2626349746584117], [320000.0, 0.26432794450956276], [340000.0, 0.25906366748032866], [360000.0, 0.25893577323425054], [380000.0, 0.2568061829128634], [400000.0, 0.2601329784451756], [420000.0, 0.26186688202028696], [440000.0, 0.26120872428979797], [460000.0, 0.2607214901399851], [480000.0, 0.25702672901042184], [500000.0, 0.2542377978084728], [520000.0, 0.25136633861641416], [540000.0, 0.2487070615121004], [560000.0, 0.24900262597918738], [580000.0, 0.2506004113716434], [600000.0, 0.24734398528062676], [620000.0, 0.24362453591751154], [640000.0, 0.23933091683878802], [660000.0, 0.23798946704249926], [680000.0, 0.23983820071342996], [700000.0, 0.23790627321994007], [720000.0, 0.23732523111855972], [740000.0, 0.23541102659008725], [760000.0, 0.23671226573005033], [780000.0, 0.23737325514906368], [800000.0, 0.23610917954418872], [820000.0, 0.2362988225808738], [840000.0, 