{"starting_checkpoint": 20000, "num_checkpoints": 50, "checkpoint_duration": 20000, "num_experiments": 2, "estimation_errors": [[[20000.0, 2.56876851807477], [40000.0, 1.7657298352442525], [60000.0, 1.3332193131346788], [80000.0, 1.1120714944527434], [100000.0, 1.0870574925586576], [120000.0, 0.9641536792643213], [140000.0, 0.9059028818764587], [160000.0, 0.8073540242429316], [180000.0, 0.7760137628650664], [200000.0, 0.7225576235277935], [220000.0, 0.6738477670790051], [240000.0, 0.7047038208028451], [260000.0, 0.6770563915094132], [280000.0, 0.6158164792442533], [300000.0, 0.6079785824835684], [320000.0, 0.5947946540279927], [340000.0, 0.5710020812555985], [360000.0, 0.5706356191140434], [380000.0, 0.5684215586006718], [400000.0, 0.5669690887464618], [420000.0, 0.5402549731626338], [440000.0, 0.5299863389024679], [460000.0, 0.5236381849015077], [480000.0, 0.5181872108527754], [500000.0, 0.5047476025943378], [520000.0, 0.49543259409154106], [540000.0, 0.5042545814886398], [560000.0, 0.4888497707752254], [580000.0, 0.5050821724848884], [600000.0, 0.4979801348028023], [620000.0, 0.4897784180949429], [640000.0, 0.46832971099275433], [660000.0, 0.4676941409361755], [680000.0, 0.468828377229622], [700000.0, 0.4700940089959372], [720000.0, 0.4643656270645178], [740000.0, 0.45811820982652873], [760000.0, 0.4440706353011287], [780000.0, 0.4164197960273698], [800000.0, 0.43626742696685006], [820000.0, 0.4235688506327052], [840000.0, 0.43510555815313817], [860000.0, 0.4309757454219537], [880000.0, 0.4204161708102607], [900000.0, 0.4114612010368932], [920000.0, 0.4214855837176502], [940000.0, 0.41661056715614314], [960000.0, 0.42099681582791243], [980000.0, 0.4216806716792626], [1000000.0, 0.42117033102192847]], [[20000.0, 2.2371953573052714], [40000.0, 1.5163807950910053], [60000.0, 1.208992623121275], [80000.0, 1.1577247430800353], [100000.0, 0.962563937924243], [120000.0, 0.9796801605190253], [140000.0, 0.8761121801162642], [160000.0, 0.8892079607350138], [180000.0, 0.8710245808370441], [200000.0, 0.8974989757144854], [220000.0, 0.7948092740817434], [240000.0, 0.7652298662658292], [260000.0, 0.7781430358238445], [280000.0, 0.718398189747185], [300000.0, 0.7051511832707423], [320000.0, 0.6793535514424722], [340000.0, 0.6219373758379474], [360000.0, 0.5698953864009262], [380000.0, 0.5649794440740112], [400000.0, 0.5500512332636843], [420000.0, 0.5429042261931513], [440000.0, 0.5283716068441273], [460000.0, 0.528078492786914], [480000.0, 0.5029279368171049], [500000.0, 0.491112059107027], [520000.0, 0.47671796281631407], [540000.0, 0.4722457135215447], [560000.0, 0.4462034177595603], [580000.0, 0.4304154154706061], [600000.0, 0.4262554904415492], [620000.0, 0.429734959845451], [640000.0, 0.437864766491315], [660000.0, 0.44142222054576663], [680000.0, 0.4220684700723978], [700000.0, 0.40802876461819687], [720000.0, 0.40723729554638965], [740000.0, 0.41405586524636634], [760000.0, 0.40816214072088036], [780000.0, 0.40811692328901], [800000.0, 0.3830015387596338], [820000.0, 0.38986793614410575], [840000.0, 0.3920175182175837], [860000.0, 0.39227085157075053], [880000.0, 0.38702605009395097], [900000.0, 0.38474693588347814], [920000.0, 0.3779174300519563], [940000.0, 0.3930460414282679], [960000.0, 0.39062610697032196], [980000.0, 0.39046966288202284], [1000000.0, 0.3869028325923076]]], "num_states": 10}