{"starting_checkpoint": 20000, "num_checkpoints": 50, "checkpoint_duration": 20000, "num_experiments": 10, "estimation_errors": [[[20000.0, 0.3698635076610015], [40000.0, 0.23663845901866096], [60000.0, 0.16587430363577926], [80000.0, 0.14781999713823535], [100000.0, 0.12347431890139392], [120000.0, 0.14813192935433284], [140000.0, 0.14404013964520673], [160000.0, 0.15458495725873048], [180000.0, 0.14529946876070537], [200000.0, 0.12576016070655133], [220000.0, 0.10963307661738557], [240000.0, 0.12644188549453667], [260000.0, 0.11715832082471014], [280000.0, 0.10043877076587443], [300000.0, 0.1014489598916425], [320000.0, 0.09813143962131668], [340000.0, 0.09292156601514032], [360000.0, 0.09122370794209672], [380000.0, 0.08368798136323108], [400000.0, 0.0830637946373402], [420000.0, 0.0893003787977667], [440000.0, 0.08909918451595875], [460000.0, 0.08183684730529707], [480000.0, 0.0779929976570203], [500000.0, 0.07441046951718629], [520000.0, 0.07066485717794685], [540000.0, 0.06893465174678694], [560000.0, 0.06777191523244704], [580000.0, 0.06935682362787135], [600000.0, 0.07253123286916162], [620000.0, 0.07645529134817247], [640000.0, 0.07517998692384179], [660000.0, 0.07861904435929726], [680000.0, 0.0779893736873833], [700000.0, 0.08246581622420707], [720000.0, 0.08260665223226707], [740000.0, 0.07871116465405557], [760000.0, 0.07547043067689142], [780000.0, 0.0765610032917994], [800000.0, 0.07717026924574545], [820000.0, 0.08133281146516186], [840000.0, 0.07819628817749573], [860000.0, 0.07862537568178088], [880000.0, 0.0724969685916163], [900000.0, 0.06653001096107237], [920000.0, 0.06748100933419056], [940000.0, 0.06547606914271176], [960000.0, 0.06442117915996773], [980000.0, 0.06365249806501469], [1000000.0, 0.0649205758353616]], [[20000.0, 0.28816306953052157], [40000.0, 0.1962676536821853], [60000.0, 0.1627434637667358], [80000.0, 0.13722115690153203], [100000.0, 0.12257788222883212], [120000.0, 0.12971396385111147], [140000.0, 0.131104930952593], [160000.0, 0.10992653215662912], [180000.0, 0.09522816216261204], [200000.0, 0.08834120211057372], [220000.0, 0.08661645908019425], [240000.0, 0.07662829214451969], [260000.0, 0.0860053804276415], [280000.0, 0.09418118643488727], [300000.0, 0.08371682339103936], [320000.0, 0.07769273935820051], [340000.0, 0.07654556298142957], [360000.0, 0.08452023331431394], [380000.0, 0.07905754802906526], [400000.0, 0.07200142049535692], [420000.0, 0.0669282472566859], [440000.0, 0.06499586623364169], [460000.0, 0.05677029996374745], [480000.0, 0.06149476267569569], [500000.0, 0.060130407778262174], [520000.0, 0.05284287730124741], [540000.0, 0.05756329211021809], [560000.0, 0.0602533887395358], [580000.0, 0.05770414489094336], [600000.0, 0.06425746500760521], [620000.0, 0.0624614662975407], [640000.0, 0.06098482821078665], [660000.0, 0.05671241664241164], [680000.0, 0.060180837839600196], [700000.0, 0.052127077989930735], [720000.0, 0.04820840439818448], [740000.0, 0.05048289089371949], [760000.0, 0.046373726771879654], [780000.0, 0.04735074507977567], [800000.0, 0.04192241136230418], [820000.0, 0.044047710868319684], [840000.0, 0.04387398785612452], [860000.0, 0.04173980397032341], [880000.0, 0.03907140615872803], [900000.0, 0.0378796433228062], [920000.0, 0.03750734945889174], [940000.0, 0.03767724064714562], [960000.0, 0.03862273904768622], [980000.0, 0.03680998308974222], [1000000.0, 0.03643115039818882]], [[20000.0, 0.31036188751098825], [40000.0, 0.2638891386351187], [60000.0, 0.18339271436327248], [80000.0, 0.1683860797351619], [100000.0, 0.14221712082804733], [120000.0, 0.1452370632308385], [140000.0, 0.1149279348914887], [160000.0, 0.10073373522969511], [180000.0, 0.10888909432347352], [200000.0, 0.10148752177319592], [220000.0, 0.09542577811010912], [240000.0, 0.10057533719874412], [260000.0, 0.09762360187194163], [280000.0, 0.0960159554502206], [300000.0, 0.09105079618352863], [320000.0, 0.09109970153453231], [340000.0, 0.09168149472710693], [360000.0, 0.0990719701312905], [380000.0, 0.08981195949023987], [400000.0, 0.08849279931124991], [420000.0, 0.08743470899290741], [440000.0, 0.08692068063341343], [460000.0, 0.08699063098556303], [480000.0, 0.08627625200196332], [500000.0, 0.09064832726523689], [520000.0, 0.08889295209395694], [540000.0, 0.09292045906725935], [560000.0, 0.09290589323342022], [580000.0, 0.09462777046883716], [600000.0, 0.08837905085539326], [620000.0, 0.08408298367425732], [640000.0, 0.08101843295122102], [660000.0, 0.07866438775704292], [680000.0, 0.07733470558845876], [700000.0, 0.07249067617412196], [720000.0, 0.0724802719691939], [740000.0, 0.072075026947716], [760000.0, 0.07272611224426365], [780000.0, 0.0732399050294682], [800000.0, 0.06871753401149608], [820000.0, 0.06607207091807318], [840000.0, 0.06842544453056484], [860000.0, 0.06931674895288606], [880000.0, 0.07306196558150592], [900000.0, 0.07003000417855999], [920000.0, 0.06747875584042085], [940000.0, 0.06701859086010444], [960000.0, 0.06473900560074629], [980000.0, 0.05823853903121304], [1000000.0, 0.054636193029675345]], [[20000.0, 0.3404657104761356], [40000.0, 0.25803134270822337], [60000.0, 0.19513410270027698], [80000.0, 0.18578617415534654], [100000.0, 0.18865771523722996], [120000.0, 0.16978887867095407], [140000.0, 0.1601209600849567], [160000.0, 0.15225136648593413], [180000.0, 0.13961313876972625], [200000.0, 0.1532704863711148], [220000.0, 0.14773803820799236], [240000.0, 0.13434399488192372], [260000.0, 0.13275616395617124], [280000.0, 0.12537138528752456], [300000.0, 0.12035285942076993], [320000.0, 0.11235875656310955], [340000.0, 0.11052922688107245], [360000.0, 0.10532981877152589], [380000.0, 0.09835025066647637], [400000.0, 0.0936172763742028], [420000.0, 0.09618451235758543], [440000.0, 0.0916396036459918], [460000.0, 0.09117116679650816], [480000.0, 0.08475906222712261], [500000.0, 0.0815931943303234], [520000.0, 0.07972042500128637], [540000.0, 0.07573605816442058], [560000.0, 0.06986427059739184], [580000.0, 0.06960900625772473], [600000.0, 0.06556457832200356], [620000.0, 0.06063443485834958], [640000.0, 0.06310420843021892], [660000.0, 0.06158924492225586], [680000.0, 0.06665309851620474], [700000.0, 0.06706740577896475], [720000.0, 0.0668318338446715], [740000.0, 0.06856423606800979], [760000.0, 0.07270603153501101], [780000.0, 0.07120453395364439], [800000.0, 0.07176473475134887], [820000.0, 0.06849923497014924], [840000.0, 0.06920246442390494], [860000.0, 0.06638441074503612], [880000.0, 0.07017260454814417], [900000.0, 0.067120858076182], [920000.0, 0.06366833450126946], [940000.0, 0.06096423141435014], [960000.0, 0.06123852707418019], [980000.0, 0.06251051713197339], [1000000.0, 0.06197652300402494]], [[20000.0, 0.28166687766223186], [40000.0, 0.2258867864238986], [60000.0, 0.2245977415261326], [80000.0, 0.17963283264405977], [100000.0, 0.14766580224517928], [120000.0, 0.1702854005054093], [140000.0, 0.1495188650003435], [160000.0, 0.12194789106167644], [180000.0, 0.12264787175987824], [200000.0, 0.13201833778638572], [220000.0, 0.1288137439284826], [240000.0, 0.10400206230806086], [260000.0, 0.09782327564187804], [280000.0, 0.08866281433478054], [300000.0, 0.08071197658557255], [320000.0, 0.0775683002664167], [340000.0, 0.07393636860928074], [360000.0, 0.0684262642976413], [380000.0, 0.06740283971866225], [400000.0, 0.06829732816754949], [420000.0, 0.06844824794454991], [440000.0, 0.06285838015732773], [460000.0, 0.05758084914511609], [480000.0, 0.05291601592478304], [500000.0, 0.04693951145558596], [520000.0, 0.04008626426855085], [540000.0, 0.03924586414052508], [560000.0, 0.03866136251914559], [580000.0, 0.04859124460529728], [600000.0, 0.05080978260366955], [620000.0, 0.04472468402441232], [640000.0, 0.04718190566711784], [660000.0, 0.044673510143291205], [680000.0, 0.044617879674784214], [700000.0, 0.043783647751093946], [720000.0, 0.04942812408435006], [740000.0, 0.05244988850573233], [760000.0, 0.05706061949365435], [780000.0, 0.05662752515818385], [800000.0, 