{"num_selected_arms": 3, "selected_arms": [0, 1, 2], "complexity_value": 26.752571389186375, "min_min_singular_value": 0.8315164409628001, "result": [[[2000.0, 0.4506668718025897], [4000.0, 0.3404688741660357], [6000.0, 0.2684568158309726], [8000.0, 0.31247190212714226], [10000.0, 0.2571862158296335]], [[2000.0, 0.5456199059329168], [4000.0, 0.49448092812581895], [6000.0, 0.41001514079686413], [8000.0, 0.4142405756923292], [10000.0, 0.24987975981715166]], [[2000.0, 0.2511152682556362], [4000.0, 0.27027278777972885], [6000.0, 0.20812735135686428], [8000.0, 0.24968934563192224], [10000.0, 0.19535545657756637]], [[2000.0, 0.3927943555418718], [4000.0, 0.229235432925107], [6000.0, 0.1302576913506977], [8000.0, 0.13021556273305618], [10000.0, 0.13791767802454358]], [[2000.0, 0.4363157135251715], [4000.0, 0.24502308059534073], [6000.0, 0.13007949795981338], [8000.0, 0.1682226994416729], [10000.0, 0.1602264545192706]], [[2000.0, 0.42144131106900967], [4000.0, 0.2805989316132329], [6000.0, 0.21243731958919493], [8000.0, 0.17728825172033452], [10000.0, 0.11383667052780555]], [[2000.0, 0.33020984220409133], [4000.0, 0.25334069344513105], [6000.0, 0.14460929263195887], [8000.0, 0.14240527923082053], [10000.0, 0.08622082277138343]], [[2000.0, 0.27590779821962225], [4000.0, 0.09709746728374763], [6000.0, 0.20248572150155475], [8000.0, 0.16592521595148246], [10000.0, 0.09500957377016861]], [[2000.0, 0.374187068082595], [4000.0, 0.2394807865071648], [6000.0, 0.11010387290326501], [8000.0, 0.08638143465170567], [10000.0, 0.16020024697462049]], [[2000.0, 0.48143895690496785], [4000.0, 0.40310079135560806], [6000.0, 0.333408764407887], [8000.0, 0.25211709261923143], [10000.0, 0.12381328100773648]], [[2000.0, 0.5924150352116166], [4000.0, 0.5394108144525225], [6000.0, 0.2998541350066604], [8000.0, 0.2445685141360236], [10000.0, 0.23826652890671995]], [[2000.0, 0.38327575681261034], [4000.0, 0.2611612997819456], [6000.0, 0.3104711698794408], [8000.0, 0.3268802883029001], [10000.0, 0.24164329875673474]], [[2000.0, 0.5101945580239482], [4000.0, 0.19767944063553294], [6000.0, 0.10148158829785914], [8000.0, 0.07893530887334954], [10000.0, 0.12299786567286791]], [[2000.0, 0.3683092719776545], [4000.0, 0.213189775653579], [6000.0, 0.16394435164332755], [8000.0, 0.25013604006216567], [10000.0, 0.2118253499109345]], [[2000.0, 0.24826788143675227], [4000.0, 0.3099987304301103], [6000.0, 0.3369200979356088], [8000.0, 0.35011697076993115], [10000.0, 0.27338503005131204]], [[2000.0, 0.35924572759161943], [4000.0, 0.12734965015652333], [6000.0, 0.09126839015402577], [8000.0, 0.09075390270183725], [10000.0, 0.13853133610519158]], [[2000.0, 0.38755867841684477], [4000.0, 0.19123653852003308], [6000.0, 0.2957013196420184], [8000.0, 0.23430903439853829], [10000.0, 0.17956769117029453]], [[2000.0, 0.5814362358088221], [4000.0, 0.2901832081993447], [6000.0, 0.1909694644929592], [8000.0, 0.12113234311430338], [10000.0, 0.18176221800594938]], [[2000.0, 0.3275905722400071], [4000.0, 0.3132042807653806], [6000.0, 0.34244747060906794], [8000.0, 0.3130481185538012], [10000.0, 0.18444684480285922]], [[2000.0, 0.37511686630630736], [4000.0, 0.2523907335066472], [6000.0, 0.26570351551111854], [8000.0, 0.2624092088866444], [10000.0, 0.19788308285194817]]]}