{"starting_checkpoint": 20000, "num_checkpoints": 50, "checkpoint_duration": 20000, "num_experiments": 10, "estimation_errors": [[[20000.0, 0.27791129377753454], [40000.0, 0.25463010474051073], [60000.0, 0.24546913271677767], [80000.0, 0.24091534064691622], [100000.0, 0.24456119595522102], [120000.0, 0.23762813638460345], [140000.0, 0.23575440422591312], [160000.0, 0.23142472321354762], [180000.0, 0.22115887336517256], [200000.0, 0.22127564433153424], [220000.0, 0.22460375316958656], [240000.0, 0.22249626065431824], [260000.0, 0.222126856636341], [280000.0, 0.2262764967710219], [300000.0, 0.22305901787107263], [320000.0, 0.2271833831700807], [340000.0, 0.2260315107383213], [360000.0, 0.2301630595324526], [380000.0, 0.23162357532900393], [400000.0, 0.22826652095786032], [420000.0, 0.22772931795179152], [440000.0, 0.22689195138734425], [460000.0, 0.22760066943614238], [480000.0, 0.22733715199106824], [500000.0, 0.2265807908398176], [520000.0, 0.22658388512371808], [540000.0, 0.22510431587255994], [560000.0, 0.22378028100930575], [580000.0, 0.2217613610592764], [600000.0, 0.22200037426489544], [620000.0, 0.22051388010494014], [640000.0, 0.22050105094414585], [660000.0, 0.21952430601386644], [680000.0, 0.21873097246567574], [700000.0, 0.2189156528491986], [720000.0, 0.22058234125394735], [740000.0, 0.2195409938902061], [760000.0, 0.21839298506010263], [780000.0, 0.2191905612284039], [800000.0, 0.2194053624820054], [820000.0, 0.21978821892300435], [840000.0, 0.2211825264776369], [860000.0, 0.2210406753834378], [880000.0, 0.22239869557987413], [900000.0, 0.22250392689639129], [920000.0, 0.2226400291136467], [940000.0, 0.22282325832084368], [960000.0, 0.223747064871128], [980000.0, 0.22371753079039428], [1000000.0, 0.2242049178148572]], [[20000.0, 0.21402833868328675], [40000.0, 0.23225353853136893], [60000.0, 0.20869092937510325], [80000.0, 0.20327059278421278], [100000.0, 0.2033178632591202], [120000.0, 0.1953119981387707], [140000.0, 0.19917068092271387], [160000.0, 0.19201852785142332], [180000.0, 0.19038100109526038], [200000.0, 0.1900579897574693], [220000.0, 0.1882978660922902], [240000.0, 0.18788886807632324], [260000.0, 0.18708409080370117], [280000.0, 0.18353832352622432], [300000.0, 0.18572045893266315], [320000.0, 0.18628020404547072], [340000.0, 0.18534802287670793], [360000.0, 0.1831164239532944], [380000.0, 0.18294705012740042], [400000.0, 0.18452044683165333], [420000.0, 0.18142209587481872], [440000.0, 0.18263063815763214], [460000.0, 0.18496845722886426], [480000.0, 0.1852917379932614], [500000.0, 0.1832593495124963], [520000.0, 0.18351944570091552], [540000.0, 0.18265511803764603], [560000.0, 0.18396387574952364], [580000.0, 0.18390650693015345], [600000.0, 0.18159148547752116], [620000.0, 0.18359887791756635], [640000.0, 0.18458381955357095], [660000.0, 0.18419636587184565], [680000.0, 0.18500956429959728], [700000.0, 0.18594978288989195], [720000.0, 0.1859607437188269], [740000.0, 0.1860478859162377], [760000.0, 0.18626878451537832], [780000.0, 0.18580123991456524], [800000.0, 0.18637605544623712], [820000.0, 0.18639005896395644], [840000.0, 0.1865701837847053], [860000.0, 0.18628757286476924], [880000.0, 0.18614031688493549], [900000.0, 0.18553315759719713], [920000.0, 0.186320952850554], [940000.0, 0.18574386179495092], [960000.0, 0.18634643490537423], [980000.0, 0.18567516514278773], [1000000.0, 0.18653788593388354]], [[20000.0, 0.29137814919321237], [40000.0, 0.2461823603186402], [60000.0, 0.2425057822748804], [80000.0, 0.24085740379927706], [100000.0, 0.23629631819147645], [120000.0, 0.2481044840454229], [140000.0, 0.2330161890093036], [160000.0, 0.23163913309044262], [180000.0, 0.2321084278330456], [200000.0, 0.2316228266380535], [220000.0, 0.22913034547910913], [240000.0, 0.22860610077358176], [260000.0, 0.22854096335230406], [280000.0, 0.22776623704975973], [300000.0, 0.22914990472589686], [320000.0, 0.23200314094168295], [340000.0, 0.23395823393888418], [360000.0, 0.23452036028320086], [380000.0, 0.2330896304932024], [400000.0, 0.2333616920384513], [420000.0, 0.23444080823415944], [440000.0, 0.2324023030845473], [460000.0, 0.23421615857346953], [480000.0, 0.23344160820104115], [500000.0, 0.2299940497801472], [520000.0, 0.2315785489725931], [540000.0, 0.23314055528166142], [560000.0, 0.23358458069841756], [580000.0, 0.23212589081502757], [600000.0, 0.23064497265146655], [620000.0, 0.22940985140907563], [640000.0, 0.22791618759620672], [660000.0, 0.22672446487499423], [680000.0, 0.2266147980634514], [700000.0, 0.22761373324017736], [720000.0, 0.22806749432569662], [740000.0, 0.2284598511273778], [760000.0, 0.22869552592790396], [780000.0, 0.23027747907475385], [800000.0, 0.2292533407210624], [820000.0, 0.22806816401191743], [840000.0, 0.22692547369955798], [860000.0, 0.2278265714864666], [880000.0, 0.22739979660538107], [900000.0, 0.22677237428844968], [920000.0, 0.22740938653448584], [940000.0, 0.2271646358364216], [960000.0, 0.2263783804569881], [980000.0, 0.2267603716552205], [1000000.0, 0.22636434451780416]], [[20000.0, 0.2372192025603696], [40000.0, 0.24895228690452995], [60000.0, 0.25037815219382725], [80000.0, 0.23358772307771325], [100000.0, 0.23926481046342515], [120000.0, 0.22127744044218056], [140000.0, 0.23446775669700876], [160000.0, 0.22767466068117562], [180000.0, 0.22304501373540384], [200000.0, 0.2169615060314834], [220000.0, 0.2167294242644333], [240000.0, 0.21188062467964447], [260000.0, 0.2158545343594293], [280000.0, 0.21292802717925938], [300000.0, 0.21435991261510606], [320000.0, 0.21688246110950454], [340000.0, 0.21512221104546378], [360000.0, 0.21182619296152289], [380000.0, 0.21450026927191257], [400000.0, 0.21491614672929218], [420000.0, 0.21555241522804958], [440000.0, 0.2151614741345228], [460000.0, 0.21784041690566172], [480000.0, 0.2183922185796393], [500000.0, 0.2182958503688565], [520000.0, 0.2173354699913542], [540000.0, 0.21770602450051557], [560000.0, 0.21481865218166338], [580000.0, 0.21555967559391886], [600000.0, 0.2147661508635315], [620000.0, 0.21328217506805663], [640000.0, 0.2152321596455712], [660000.0, 0.21562326767137718], [680000.0, 0.215546342004097], [700000.0, 0.21536056989683472], [720000.0, 0.2151167596974459], [740000.0, 0.2146010795224284], [760000.0, 0.21427173884961637], [780000.0, 0.21416118089497116], [800000.0, 0.21517473783944707], [820000.0, 0.21593892903786824], [840000.0, 0.21483860661034182], [860000.0, 0.21446550899857258], [880000.0, 0.21534854511832935], [900000.0, 0.2150638728487838], [920000.0, 0.21567210893406785], [940000.0, 0.21687326017272304], [960000.0, 0.2167326996593302], [980000.0, 0.21666931582521054], [1000000.0, 0.21709099719580693]], [[20000.0, 0.25907323973386936], [40000.0, 0.23607333542372924], [60000.0, 0.23863125770835175], [80000.0, 0.23943105669050327], [100000.0, 0.24661345880366475], [120000.0, 0.24666519193344605], [140000.0, 0.23878795048239349], [160000.0, 0.2413060626706491], [180000.0, 0.23538407432633937], [200000.0, 0.226872938739542], [220000.0, 0.22683930964678226], [240000.0, 0.2235970252717189], [260000.0, 0.22055774096537845], [280000.0, 0.21634208316259043], [300000.0, 0.21383924230108825], [320000.0, 0.21198925975955232], [340000.0, 0.2149811345987137], [360000.0, 0.22184609720580076], [380000.0, 0.221113767224602], [400000.0, 0.21999308095696535], [420000.0, 0.22059384092324288], [440000.0, 0.22044990755391733], [460000.0, 0.22188988673099544], [480000.0, 0.22199428095839582], [500000.0, 0.22398054691681135], [520000.0, 0.22328308459943633], [540000.0, 0.2230104698845689], [560000.0, 0.2237865608143591], [580000.0, 0.22080483074378182], [600000.0, 0.2199926951250641], [620000.0, 0.21841630096484496], [640000.0, 0.21665988433483965], [660000.0, 0.21796916623267726], [680000.0, 0.21823302928055982], [700000.0, 0.2192087630996045], [720000.0, 0.21896421915559885], [740000.0, 0.2154449025472707], [760000.0, 0.21453664049281704], [780000.0, 0.21462763514353675], [800000.0, 0.21463315999620206], [820000.0, 0.21565065755942564], 