{"starting_checkpoint": 20000, "num_checkpoints": 50, "checkpoint_duration": 20000, "num_experiments": 10, "estimation_errors": [[[20000.0, 0.1358372982673651], [40000.0, 0.12401467572482672], [60000.0, 0.10862559991632588], [80000.0, 0.10556600408600167], [100000.0, 0.10811144053473232], [120000.0, 0.11084765524369139], [140000.0, 0.10647578155485875], [160000.0, 0.09843463960331994], [180000.0, 0.0924440369035142], [200000.0, 0.0953926931427305], [220000.0, 0.09837781252768245], [240000.0, 0.09429075654411835], [260000.0, 0.09596607562592435], [280000.0, 0.09726816850855838], [300000.0, 0.09838698188511397], [320000.0, 0.09958393762193027], [340000.0, 0.10136484347455824], [360000.0, 0.09831913320367928], [380000.0, 0.09893693068139463], [400000.0, 0.09913626064767427], [420000.0, 0.09826795425851105], [440000.0, 0.0996834391845455], [460000.0, 0.09950999412184573], [480000.0, 0.09876498330505602], [500000.0, 0.09812883411194356], [520000.0, 0.09824191145362601], [540000.0, 0.09834588140562567], [560000.0, 0.09724894683992748], [580000.0, 0.09710463372375662], [600000.0, 0.09785169763780888], [620000.0, 0.09917829039694488], [640000.0, 0.09958443387611728], [660000.0, 0.09882368625847278], [680000.0, 0.09796685090735392], [700000.0, 0.09675786333556985], [720000.0, 0.09647068683202477], [740000.0, 0.09561512386409667], [760000.0, 0.09670900381847741], [780000.0, 0.09658052448612599], [800000.0, 0.09743660963522066], [820000.0, 0.09748834967749533], [840000.0, 0.0976115913278233], [860000.0, 0.09593489102716024], [880000.0, 0.09554604513733153], [900000.0, 0.09632477026112306], [920000.0, 0.09701031081647668], [940000.0, 0.09716223458806941], [960000.0, 0.09645629262560138], [980000.0, 0.09499619781307045], [1000000.0, 0.09457603640867873]], [[20000.0, 0.1649135162527292], [40000.0, 0.1231380835125946], [60000.0, 0.13364434729665492], [80000.0, 0.11742765420526635], [100000.0, 0.12665618573527299], [120000.0, 0.11956602770627127], [140000.0, 0.12180011311828763], [160000.0, 0.11907337991017679], [180000.0, 0.11421356745644354], [200000.0, 0.11599567709225542], [220000.0, 0.11242156306858077], [240000.0, 0.11510625582113088], [260000.0, 0.11397903884922081], [280000.0, 0.11435306029823651], [300000.0, 0.11651830078213073], [320000.0, 0.11195763902250468], [340000.0, 0.11110452236093611], [360000.0, 0.10824902663999302], [380000.0, 0.1069503637886426], [400000.0, 0.10243051411098943], [420000.0, 0.10107653649091612], [440000.0, 0.10225993819381528], [460000.0, 0.10224785466823924], [480000.0, 0.09964809448921912], [500000.0, 0.09857762580699402], [520000.0, 0.09828457165895003], [540000.0, 0.09907193935562818], [560000.0, 0.09980183279833674], [580000.0, 0.1009923849262185], [600000.0, 0.10037291799974368], [620000.0, 0.10350598053095524], [640000.0, 0.10396028991550842], [660000.0, 0.10581406768906515], [680000.0, 0.10404546055086024], [700000.0, 0.1057322632531002], [720000.0, 0.10634580309095558], [740000.0, 0.10609194908668992], [760000.0, 0.10689512524060185], [780000.0, 0.10643120744958129], [800000.0, 0.1063242617317369], [820000.0, 0.10591487371579528], [840000.0, 0.10616503043488063], [860000.0, 0.10844729242066004], [880000.0, 0.10834326287398482], [900000.0, 0.10869241034051884], [920000.0, 0.10890777211798203], [940000.0, 0.10816655242770881], [960000.0, 0.10822341144316118], [980000.0, 0.11013032458739778], [1000000.0, 0.11232407495553207]], [[20000.0, 0.15007526748474043], [40000.0, 0.16257055392443479], [60000.0, 0.1475625530835806], [80000.0, 0.1317308718713757], [100000.0, 0.12881495553466404], [120000.0, 0.1299043048434843], [140000.0, 0.12721360616647534], [160000.0, 0.13080401344335285], [180000.0, 0.11855076216129863], [200000.0, 0.11325340763091203], [220000.0, 0.10972900278037234], [240000.0, 0.10434162802344797], [260000.0, 0.09845593493709745], [280000.0, 0.09814952016309686], [300000.0, 0.09375122982493019], [320000.0, 0.09333362776387756], [340000.0, 0.08508497075531452], [360000.0, 0.08467767210961259], [380000.0, 0.08491170379806355], [400000.0, 0.08479395678964269], [420000.0, 0.08163503466274762], [440000.0, 0.08121869299382313], [460000.0, 0.08151053440956475], [480000.0, 0.08086283939544744], [500000.0, 0.08119921930281736], [520000.0, 0.08098344291122214], [540000.0, 0.08183480865707843], [560000.0, 0.08330484449162925], [580000.0, 0.08314636213497384], [600000.0, 0.08567904049286298], [620000.0, 0.08608775804024427], [640000.0, 0.08440423016237837], [660000.0, 0.0855107926119384], [680000.0, 0.08721836795237624], [700000.0, 0.08553233755941407], [720000.0, 0.08675774822006363], [740000.0, 0.08708998531144037], [760000.0, 0.08519493875644644], [780000.0, 0.08407627413657404], [800000.0, 0.08550094013675101], [820000.0, 0.08576870402814785], [840000.0, 0.08599834107267877], [860000.0, 0.08749200513284736], [880000.0, 0.08478811179820292], [900000.0, 0.08476046238590505], [920000.0, 0.08327053013263812], [940000.0, 0.08263531950988416], [960000.0, 0.08123432666269344], [980000.0, 0.081772951599662], [1000000.0, 0.08034643214184627]], [[20000.0, 0.1061546686411278], [40000.0, 0.09001152357840782], [60000.0, 0.07445849970347851], [80000.0, 0.08063271545353412], [100000.0, 0.08506980519913539], [120000.0, 0.08298269008781292], [140000.0, 0.08295261179182309], [160000.0, 0.07919286447090547], [180000.0, 0.07681661467118947], [200000.0, 0.08123559396936042], [220000.0, 0.08525685858170597], [240000.0, 0.0918775169132875], [260000.0, 0.08986043593028771], [280000.0, 0.09303839347872796], [300000.0, 0.0980041899270608], [320000.0, 0.09648695829232287], [340000.0, 0.09948908028490042], [360000.0, 0.0978351131777372], [380000.0, 0.10291951366315209], [400000.0, 0.10199940599566028], [420000.0, 0.09970569432268027], [440000.0, 0.10138486046073225], [460000.0, 0.10461042392646003], [480000.0, 0.10499310522753033], [500000.0, 0.10372902212822421], [520000.0, 0.10524409023479868], [540000.0, 0.10575969980118612], [560000.0, 0.10619885262813902], [580000.0, 0.10453031733775905], [600000.0, 0.10619867620736258], [620000.0, 0.10598329230312864], [640000.0, 0.10668971336336085], [660000.0, 0.1097284612009792], [680000.0, 0.10909157988738752], [700000.0, 0.10996794667424428], [720000.0, 0.11107154203901844], [740000.0, 0.11147200698626102], [760000.0, 0.1113332626639983], [780000.0, 0.11097693523406135], [800000.0, 0.11270363934811556], [820000.0, 0.11326585314006538], [840000.0, 0.11482570661557423], [860000.0, 0.11345602783102751], [880000.0, 0.11326926170720998], [900000.0, 0.11311687212155837], [920000.0, 0.11302824118437095], [940000.0, 0.11298185562425093], [960000.0, 0.11433622225544719], [980000.0, 0.11272160273196573], [1000000.0, 0.11303987239097361]], [[20000.0, 0.2897222090541931], [40000.0, 0.1859522465544304], [60000.0, 0.16264770768456702], [80000.0, 0.16579690525263904], [100000.0, 0.16334646299255362], [120000.0, 0.16514675794628614], [140000.0, 0.16718658129111005], [160000.0, 0.1676452723732532], [180000.0, 0.16093890018816803], [200000.0, 0.16357953960084642], [220000.0, 0.16317053041402205], [240000.0, 0.15663424124964884], [260000.0, 0.15314092348239564], [280000.0, 0.15086894835186132], [300000.0, 0.1480527038017981], [320000.0, 0.14202780940504273], [340000.0, 0.14087740191979908], [360000.0, 0.1423178998892623], [380000.0, 0.13912829687821296], [400000.0, 0.14268374558715993], [420000.0, 0.14637807890560886], [440000.0, 0.1458865956523893], [460000.0, 0.1455060757812103], [480000.0, 0.14756817658803598], [500000.0, 0.14998419736439217], [520000.0, 0.1500237841895887], [540000.0, 0.15011177211636836], [560000.0, 0.1507769743789103], [580000.0, 0.15101924195349242], [600000.0, 0.15391601180480385], [620000.0, 0.15381651067603622], [640000.0, 0.15382116288236178], [660000.0, 0.15244001750871902], [680000.0, 0.1530740269839815], [700000.0, 0.15473849910708246], [720000.0, 0.1556058940269388], [740000.0, 0.15764470692238905], [760000.0, 0.15850576174542297], [780000.0, 0.1600278303864738], [800000.0, 