{"starting_checkpoint": 20000, "num_checkpoints": 50, "checkpoint_duration": 20000, "num_experiments": 10, "estimation_errors": [[[20000.0, 0.12610265544492205], [40000.0, 0.09481242439523026], [60000.0, 0.07257725154427196], [80000.0, 0.0731702439758559], [100000.0, 0.04603711331814094], [120000.0, 0.04477267509542726], [140000.0, 0.052476754305400136], [160000.0, 0.06670286303843767], [180000.0, 0.06480668246873351], [200000.0, 0.0729038392123125], [220000.0, 0.06638420404696212], [240000.0, 0.0731125209638335], [260000.0, 0.06967610114541563], [280000.0, 0.06711897947411638], [300000.0, 0.07027480861436304], [320000.0, 0.06989412691544106], [340000.0, 0.0689399852783983], [360000.0, 0.06729237235995957], [380000.0, 0.06661451166811355], [400000.0, 0.0666047271421321], [420000.0, 0.06273718138820535], [440000.0, 0.06226265565719525], [460000.0, 0.06450696000667257], [480000.0, 0.06395785544675466], [500000.0, 0.06506030693587937], [520000.0, 0.06466827512307288], [540000.0, 0.06554061361754272], [560000.0, 0.06533374206477374], [580000.0, 0.06433976219407914], [600000.0, 0.0627548523767005], [620000.0, 0.06316719683367164], [640000.0, 0.06330271354372811], [660000.0, 0.06512061819038692], [680000.0, 0.0651648838576631], [700000.0, 0.06357520901598888], [720000.0, 0.0644147926983008], [740000.0, 0.06396665996558229], [760000.0, 0.06503636181747006], [780000.0, 0.06492132314925722], [800000.0, 0.06497414686334015], [820000.0, 0.062255035053089616], [840000.0, 0.06411701127049407], [860000.0, 0.06335494923538655], [880000.0, 0.06056961444034094], [900000.0, 0.06193546105422594], [920000.0, 0.06192485333109101], [940000.0, 0.06219242165166814], [960000.0, 0.06285098781242707], [980000.0, 0.06347341005298872], [1000000.0, 0.06395981025527249]], [[20000.0, 0.08074852919536407], [40000.0, 0.0580944076883023], [60000.0, 0.053012248011042484], [80000.0, 0.03746974516663385], [100000.0, 0.04713513646934463], [120000.0, 0.039160024371752124], [140000.0, 0.04186396126241245], [160000.0, 0.04301972033203448], [180000.0, 0.04182964283544015], [200000.0, 0.048021282544757966], [220000.0, 0.05049326736155419], [240000.0, 0.051971417491838715], [260000.0, 0.051707721545214004], [280000.0, 0.051905522265416386], [300000.0, 0.04956478990367174], [320000.0, 0.05175331211636711], [340000.0, 0.05127665125255655], [360000.0, 0.0505186411000892], [380000.0, 0.05303698751411941], [400000.0, 0.05485407811390332], [420000.0, 0.05305286884672189], [440000.0, 0.0528892321221204], [460000.0, 0.05732286816506945], [480000.0, 0.05576784965108701], [500000.0, 0.05577000137645754], [520000.0, 0.052446293011940134], [540000.0, 0.0530394943056745], [560000.0, 0.053227246083380586], [580000.0, 0.05535701339654911], [600000.0, 0.055042312110269165], [620000.0, 0.054358508333687515], [640000.0, 0.05509307395043633], [660000.0, 0.05412851503665001], [680000.0, 0.05498484740211819], [700000.0, 0.053620658854359626], [720000.0, 0.054089499511640375], [740000.0, 0.05344568029400426], [760000.0, 0.053868219523189396], [780000.0, 0.0530798697417004], [800000.0, 0.05464689610278498], [820000.0, 0.054518073078605254], [840000.0, 0.05583857797978668], [860000.0, 0.05633940945841494], [880000.0, 0.057297451224949406], [900000.0, 0.05836351754594849], [920000.0, 0.05866684558857341], [940000.0, 0.058710386330469454], [960000.0, 0.05769533488343209], [980000.0, 0.05884650931000061], [1000000.0, 0.0577736789516066]], [[20000.0, 0.10006663280469923], [40000.0, 0.09615956614345872], [60000.0, 0.07679309164599983], [80000.0, 0.08351800564378165], [100000.0, 0.0971809606731881], [120000.0, 0.08279349132028108], [140000.0, 0.06648754827449589], [160000.0, 0.0693930832994497], [180000.0, 0.06015832492853597], [200000.0, 0.05354999550922639], [220000.0, 0.048426373531839], [240000.0, 0.0466629662899193], [260000.0, 0.047650156262948974], [280000.0, 0.04861202690969222], [300000.0, 0.05037826026735553], [320000.0, 0.04693835418084152], [340000.0, 0.046909964555218106], [360000.0, 0.044778790958251484], [380000.0, 0.0485953194667644], [400000.0, 0.04689164655693628], [420000.0, 0.04622606750364643], [440000.0, 0.04786592380746647], [460000.0, 0.0472497875718916], [480000.0, 0.04813555802681276], [500000.0, 0.047734539394303825], [520000.0, 0.04961616088805337], [540000.0, 0.049694939127405746], [560000.0, 0.0471409241240729], [580000.0, 0.043777473924781395], [600000.0, 0.04394550289223531], [620000.0, 0.044712795678557946], [640000.0, 0.04442472910163171], [660000.0, 0.044140421411057264], [680000.0, 0.04343842018362441], [700000.0, 0.04443307607114054], [720000.0, 0.04583620441658056], [740000.0, 0.04515653765600286], [760000.0, 0.04767512687187339], [780000.0, 0.04835125386778138], [800000.0, 0.0467460274968593], [820000.0, 0.04726015095969341], [840000.0, 0.04703382292860525], [860000.0, 0.04850260192600631], [880000.0, 0.04890724204535273], [900000.0, 0.048969455984809986], [920000.0, 0.04761174019062734], [940000.0, 0.047114684380045166], [960000.0, 0.04868942975876561], [980000.0, 0.04913700570867544], [1000000.0, 0.049406457887830435]], [[20000.0, 0.03490856292118147], [40000.0, 0.052530623907831045], [60000.0, 0.0600197740571211], [80000.0, 0.05761864715069651], [100000.0, 0.052305812924874934], [120000.0, 0.050116668542402265], [140000.0, 0.056300018790642496], [160000.0, 0.054267377706679366], [180000.0, 0.05843064878980851], [200000.0, 0.05929115950225569], [220000.0, 0.05534323891433317], [240000.0, 0.05358580322012497], [260000.0, 0.05246653390400736], [280000.0, 0.0542888081757393], [300000.0, 0.049296780834905324], [320000.0, 0.05216977559910774], [340000.0, 0.048846973066404675], [360000.0, 0.04588325626833274], [380000.0, 0.04832486532246795], [400000.0, 0.04528299951984935], [420000.0, 0.0436888867424287], [440000.0, 0.04416574003010416], [460000.0, 0.04536379721926684], [480000.0, 0.0433587221391484], [500000.0, 0.04233408303181473], [520000.0, 0.04117896996557256], [540000.0, 0.0411672464973302], [560000.0, 0.041474910952560305], [580000.0, 0.04038588856073414], [600000.0, 0.04088415601122679], [620000.0, 0.041182347644764576], [640000.0, 0.04131253192812527], [660000.0, 0.04389337966806539], [680000.0, 0.04348519586432241], [700000.0, 0.04451046166679952], [720000.0, 0.04471589636942078], [740000.0, 0.04537667068344831], [760000.0, 0.045313358679803], [780000.0, 0.045786045053569355], [800000.0, 0.04557572001843783], [820000.0, 0.04600078935523146], [840000.0, 0.04517415366876882], [860000.0, 0.045425162239494846], [880000.0, 0.045354221667706085], [900000.0, 0.046371830421322216], [920000.0, 0.04498492051720913], [940000.0, 0.046105710844325055], [960000.0, 0.044897363682523415], [980000.0, 0.043823906121398803], [1000000.0, 0.04454530208445564]], [[20000.0, 0.052857458076612705], [40000.0, 0.09414494742588582], [60000.0, 0.05985688024880972], [80000.0, 0.055191018410901974], [100000.0, 0.05421895652474976], [120000.0, 0.04915240853069592], [140000.0, 0.04646514881719169], [160000.0, 0.04443767103336928], [180000.0, 0.04190997304335831], [200000.0, 0.04120126135210544], [220000.0, 0.041175865673913535], [240000.0, 0.03962209440633405], [260000.0, 0.03767207949328727], [280000.0, 0.04156777347989296], [300000.0, 0.04314957511024336], [320000.0, 0.046531270508786034], [340000.0, 0.047176552331578636], [360000.0, 0.05120699333145984], [380000.0, 0.05161949636015901], [400000.0, 0.05236345675314822], [420000.0, 0.05131516363820982], [440000.0, 0.05100266358511387], [460000.0, 0.050451851621053694], [480000.0, 0.05061193047666574], [500000.0, 0.05233845546132057], [520000.0, 0.051803859414458246], [540000.0, 0.0506117854036244], [560000.0, 0.05164209278093009], [580000.0, 0.04967715838176903], [600000.0, 0.047909161090755895], [620000.0, 0.045827106102755345], [640000.0, 0.047965453198888904], [660000.0, 0.049161935168386475], [680000.0, 0.05032477818753232], [700000.0, 0.051081507525054685], [720000.0, 0.05151799887338257], [740000.0, 0.05313900160650951], [760000.0, 