{"starting_checkpoint": 20000, "num_checkpoints": 50, "checkpoint_duration": 20000, "num_experiments": 2, "estimation_errors": [[[20000.0, 7.1353464878411685], [40000.0, 5.047302274121327], [60000.0, 4.4778144185650515], [80000.0, 3.698239343120967], [100000.0, 3.418183275899679], [120000.0, 3.154539678940413], [140000.0, 2.835829563986092], [160000.0, 2.653497449433774], [180000.0, 2.5101072450408655], [200000.0, 2.315279826538842], [220000.0, 2.1872480890458283], [240000.0, 2.016692237086799], [260000.0, 1.8705068594033596], [280000.0, 1.7271800322062378], [300000.0, 1.710009281381263], [320000.0, 1.6805279677775267], [340000.0, 1.6707099183182637], [360000.0, 1.6377458032960308], [380000.0, 1.5876325200364283], [400000.0, 1.5844063892724112], [420000.0, 1.593050336874855], [440000.0, 1.5158160439756485], [460000.0, 1.427586951776981], [480000.0, 1.4132337977360692], [500000.0, 1.372491320457098], [520000.0, 1.3443216983295607], [540000.0, 1.3082809310141803], [560000.0, 1.2809696841641836], [580000.0, 1.2548708163330997], [600000.0, 1.2275696065175072], [620000.0, 1.1981589805591155], [640000.0, 1.1758950059899649], [660000.0, 1.1598162921923367], [680000.0, 1.1137738400777701], [700000.0, 1.0994102219362578], [720000.0, 1.0825264572650426], [740000.0, 1.090090232476474], [760000.0, 1.0825831830597012], [780000.0, 1.0718465217249111], [800000.0, 1.0844218919876152], [820000.0, 1.049048295913288], [840000.0, 1.0299794159847553], [860000.0, 1.0123908397271417], [880000.0, 1.0017806214032352], [900000.0, 1.0023238070836178], [920000.0, 0.9896105244643857], [940000.0, 1.0021997614706448], [960000.0, 0.9920220351014892], [980000.0, 0.97944907867115], [1000000.0, 0.9534036092415297]], [[20000.0, 8.797731538051735], [40000.0, 5.808004775682498], [60000.0, 4.661281350642213], [80000.0, 3.934214076466205], [100000.0, 3.524238982324241], [120000.0, 3.0969299142430504], [140000.0, 2.8708555202000117], [160000.0, 2.749499629333895], [180000.0, 2.742869540794664], [200000.0, 2.526992318235413], [220000.0, 2.458316344309489], [240000.0, 2.323243262693217], [260000.0, 2.218893017125194], [280000.0, 2.145143970653697], [300000.0, 2.125300832512547], [320000.0, 2.090540250421027], [340000.0, 2.062240021882796], [360000.0, 1.989055415971654], [380000.0, 1.9541757462016003], [400000.0, 1.9109425508611981], [420000.0, 1.861377535701808], [440000.0, 1.8382225702174173], [460000.0, 1.7631666525429883], [480000.0, 1.7210539711504604], [500000.0, 1.6559689429632434], [520000.0, 1.5889852257139678], [540000.0, 1.59070414011441], [560000.0, 1.5440511325093986], [580000.0, 1.5109652977575132], [600000.0, 1.4674362778267578], [620000.0, 1.4147933554170504], [640000.0, 1.3929594060766113], [660000.0, 1.355351051638938], [680000.0, 1.3138617044158285], [700000.0, 1.33091537012596], [720000.0, 1.3250917536484619], [740000.0, 1.2748890556606418], [760000.0, 1.2516492627460005], [780000.0, 1.2190514279992766], [800000.0, 1.1823104591275329], [820000.0, 1.1498539497752298], [840000.0, 1.1151644035057877], [860000.0, 1.105400272050114], [880000.0, 1.119634535789782], [900000.0, 1.1234456356541638], [920000.0, 1.116338311519158], [940000.0, 1.123396091147401], [960000.0, 1.1150758724635421], [980000.0, 1.0800958715090727], [1000000.0, 1.0707198402411198]]], "num_states": 15}