{"starting_checkpoint": 20000, "num_checkpoints": 51, "checkpoint_duration": 20000, "num_experiments": 2, "estimation_errors": [[[20000.0, 2.840221518740858], [40000.0, 1.820708518362499], [60000.0, 1.35265960326716], [80000.0, 1.2611260697666071], [100000.0, 1.1781970556553958], [120000.0, 1.119536725304163], [140000.0, 0.9992606250729437], [160000.0, 0.8582751693170075], [180000.0, 0.7863777807799176], [200000.0, 0.7336569094887213], [220000.0, 0.7222668592898246], [240000.0, 0.6431052918546076], [260000.0, 0.6139564519747311], [280000.0, 0.6041902303186351], [300000.0, 0.5605697776688741], [320000.0, 0.5439791779880174], [340000.0, 0.5239051929588596], [360000.0, 0.48974054535442846], [380000.0, 0.4868461986402642], [400000.0, 0.48871211308034185], [420000.0, 0.49814890780009347], [440000.0, 0.4865503478785877], [460000.0, 0.4648413754441808], [480000.0, 0.4321958299341136], [500000.0, 0.42881733936919186], [520000.0, 0.43368063817754715], [540000.0, 0.41362411350745004], [560000.0, 0.4151444874210563], [580000.0, 0.4125023406354657], [600000.0, 0.40018345698271085], [620000.0, 0.39183788670763464], [640000.0, 0.3906069593750169], [660000.0, 0.37403084745697335], [680000.0, 0.3806652357368087], [700000.0, 0.36937038340488054], [720000.0, 0.3574146763852625], [740000.0, 0.35041596100884964], [760000.0, 0.3500869281765895], [780000.0, 0.35244018818465644], [800000.0, 0.3382355597043512], [820000.0, 0.328551344294831], [840000.0, 0.32305472920205613], [860000.0, 0.3167373200725358], [880000.0, 0.31682078851407897], [900000.0, 0.31359489813115793], [920000.0, 0.3087833865107443], [940000.0, 0.2926031643831108], [960000.0, 0.2926596482695544], [980000.0, 0.2881555406048855], [1000000.0, 0.2878684652836247], [1020000.0, 0.2812296501219135]], [[20000.0, 2.0917847248271944], [40000.0, 1.5259857368620702], [60000.0, 1.2744540309252883], [80000.0, 1.1427837698028342], [100000.0, 0.9911210546191793], [120000.0, 0.8401939606159785], [140000.0, 0.7496250342772609], [160000.0, 0.7771561958184947], [180000.0, 0.710195842233448], [200000.0, 0.6968953849754347], [220000.0, 0.6349138341138323], [240000.0, 0.6201089470027159], [260000.0, 0.5848232055760051], [280000.0, 0.5850510823270939], [300000.0, 0.5756118397127887], [320000.0, 0.545252640859228], [340000.0, 0.5382979730301605], [360000.0, 0.5190290939496646], [380000.0, 0.4942245675011886], [400000.0, 0.4675756999667032], [420000.0, 0.4555171470756191], [440000.0, 0.4393702696864868], [460000.0, 0.4264053067403561], [480000.0, 0.4245878838130907], [500000.0, 0.41213664442700243], [520000.0, 0.40946995851738405], [540000.0, 0.40007706315846964], [560000.0, 0.3847053845265568], [580000.0, 0.37246774894645746], [600000.0, 0.37644220065178674], [620000.0, 0.385454440939412], [640000.0, 0.38229958081355603], [660000.0, 0.3657483394217504], [680000.0, 0.3537282768109202], [700000.0, 0.3677659522078312], [720000.0, 0.3674274914916805], [740000.0, 0.37052218563304506], [760000.0, 0.3428127229191298], [780000.0, 0.350091687322092], [800000.0, 0.34913324894557307], [820000.0, 0.3398772165711946], [840000.0, 0.34707916141112577], [860000.0, 0.34397953776791645], [880000.0, 0.3419972951139152], [900000.0, 0.3272600312973917], [920000.0, 0.3220707010766691], [940000.0, 0.3183339623996919], [960000.0, 0.30997715605593085], [980000.0, 0.3116263760410873], [1000000.0, 0.2989278277503198], [1020000.0, 0.2933405189304997]]], "num_states": 10}