{"starting_checkpoint": 20000, "num_checkpoints": 50, "checkpoint_duration": 20000, "num_experiments": 10, "estimation_errors": [[[20000.0, 0.0798961472478421], [40000.0, 0.06536258305606411], [60000.0, 0.05316555804090895], [80000.0, 0.04675690737261716], [100000.0, 0.040677608259797604], [120000.0, 0.03448228819658146], [140000.0, 0.03608189871474828], [160000.0, 0.04108044501273749], [180000.0, 0.03577789105742597], [200000.0, 0.03715808446329534], [220000.0, 0.03792277587178512], [240000.0, 0.04243915383836963], [260000.0, 0.041426608570466344], [280000.0, 0.04303350029754361], [300000.0, 0.04494804580700466], [320000.0, 0.042806636193381285], [340000.0, 0.044051096940167164], [360000.0, 0.04352598674951666], [380000.0, 0.04010069621718564], [400000.0, 0.042459172104751274], [420000.0, 0.04459844871577812], [440000.0, 0.04340392234896819], [460000.0, 0.04302306880127463], [480000.0, 0.04378599477614694], [500000.0, 0.0441255264843032], [520000.0, 0.04784404942559595], [540000.0, 0.04802651956057038], [560000.0, 0.0489197826505216], [580000.0, 0.046711565549229415], [600000.0, 0.04755650300230552], [620000.0, 0.047354188103445397], [640000.0, 0.04829072867773445], [660000.0, 0.047380171947254524], [680000.0, 0.05022736984808338], [700000.0, 0.05119604965755264], [720000.0, 0.052009372078966845], [740000.0, 0.05212394831941062], [760000.0, 0.05241437613497131], [780000.0, 0.053346166768141405], [800000.0, 0.05212956648169851], [820000.0, 0.05216705652007764], [840000.0, 0.05123929755188265], [860000.0, 0.050294480359717675], [880000.0, 0.04934360627618443], [900000.0, 0.05025174646596741], [920000.0, 0.0496617972251241], [940000.0, 0.04983653451817309], [960000.0, 0.048471856984236124], [980000.0, 0.04887857852551802], [1000000.0, 0.04941162844558869]], [[20000.0, 0.049771405685562], [40000.0, 0.06568014182393633], [60000.0, 0.05718214244892011], [80000.0, 0.05937592829195771], [100000.0, 0.04486700908636518], [120000.0, 0.039801245925748], [140000.0, 0.04609271452861791], [160000.0, 0.043421703275363696], [180000.0, 0.04608377043358675], [200000.0, 0.04680343745130917], [220000.0, 0.04838878039200937], [240000.0, 0.04886009123291529], [260000.0, 0.04874721599612294], [280000.0, 0.052227267067900866], [300000.0, 0.05015794768226462], [320000.0, 0.05554582299033664], [340000.0, 0.055085193868650684], [360000.0, 0.05516963125025845], [380000.0, 0.058281863725771745], [400000.0, 0.06040822247785814], [420000.0, 0.06094856062580683], [440000.0, 0.06309982173147143], [460000.0, 0.0643226344098805], [480000.0, 0.06465009389128976], [500000.0, 0.06706305737668099], [520000.0, 0.06649038414544821], [540000.0, 0.06653235608763139], [560000.0, 0.06759179940197245], [580000.0, 0.0666905623824931], [600000.0, 0.06749459668610079], [620000.0, 0.06870368985066752], [640000.0, 0.06919689580971482], [660000.0, 0.0690813202264388], [680000.0, 0.07014433898310023], [700000.0, 0.07054184912083786], [720000.0, 0.07155128293951184], [740000.0, 0.07170096145378194], [760000.0, 0.06995683141835086], [780000.0, 0.07046253619918352], [800000.0, 0.07113155059941707], [820000.0, 0.07221150734313903], [840000.0, 0.07284735379518491], [860000.0, 0.072856993117395], [880000.0, 0.07205458706681409], [900000.0, 0.07212840756626156], [920000.0, 0.07139284740990463], [940000.0, 0.07154546403673041], [960000.0, 0.07207368705664853], [980000.0, 0.07215600764967747], [1000000.0, 0.07194426316044687]], [[20000.0, 0.08322936157518408], [40000.0, 0.0668357551075685], [60000.0, 0.06849344231720855], [80000.0, 0.06083403152614088], [100000.0, 0.060821184114975176], [120000.0, 0.06017202667303097], [140000.0, 0.056745883641860666], [160000.0, 0.057814147980364564], [180000.0, 0.056074167732748245], [200000.0, 0.057754394079158125], [220000.0, 0.05845233518953928], [240000.0, 0.058235614122872016], [260000.0, 0.0582730858481959], [280000.0, 0.05608912312865084], [300000.0, 0.05530548243652823], [320000.0, 0.05401109709916442], [340000.0, 0.0519225093102332], [360000.0, 0.051750147659339864], [380000.0, 0.05078187813558469], [400000.0, 0.05169675300220282], [420000.0, 0.05150438611768452], [440000.0, 0.05199650068513909], [460000.0, 0.050555862577100714], [480000.0, 0.05218831223240776], [500000.0, 0.053397296632416165], [520000.0, 0.054179121418715594], [540000.0, 0.05358918664574477], [560000.0, 0.05278106092978179], [580000.0, 0.05362841625199782], [600000.0, 0.054421066391760385], [620000.0, 0.05445607524610945], [640000.0, 0.055133605670800945], [660000.0, 0.0536534707767395], [680000.0, 0.05452119428976328], [700000.0, 0.05324715766655813], [720000.0, 0.05203340173706446], [740000.0, 0.05173338846458528], [760000.0, 0.05080193841764333], [780000.0, 0.051486966583967286], [800000.0, 0.052241582495552434], [820000.0, 0.052577322833969355], [840000.0, 0.05281651600507417], [860000.0, 0.052854365449050214], [880000.0, 0.05253122819428323], [900000.0, 0.05241803696847141], [920000.0, 0.05204479834738649], [940000.0, 0.053243908775902474], [960000.0, 0.05393255046156851], [980000.0, 0.05406689015036295], [1000000.0, 0.05394780302317155]], [[20000.0, 0.06004416889217784], [40000.0, 0.06292872546095692], [60000.0, 0.07501394020951166], [80000.0, 0.09621233281909537], [100000.0, 0.07925746597987524], [120000.0, 0.075847349376224], [140000.0, 0.0832676495288502], [160000.0, 0.07899092723840488], [180000.0, 0.07413332674538861], [200000.0, 0.0700765018205778], [220000.0, 0.07210698539396374], [240000.0, 0.07437918291911848], [260000.0, 0.07220615387553986], [280000.0, 0.07078941921842785], [300000.0, 0.07302805314465516], [320000.0, 0.07325041228202227], [340000.0, 0.06952361020868353], [360000.0, 0.07056992660913908], [380000.0, 0.07045683757219748], [400000.0, 0.07352264727556898], [420000.0, 0.073351564241353], [440000.0, 0.07221797097657343], [460000.0, 0.07097471675881387], [480000.0, 0.0733646446329801], [500000.0, 0.07184799149967223], [520000.0, 0.07161612654090443], [540000.0, 0.07198783764009233], [560000.0, 0.07091782079621611], [580000.0, 0.07182825165577486], [600000.0, 0.07136436516630967], [620000.0, 0.0694178855701974], [640000.0, 0.06776686454823432], [660000.0, 0.06793900323271049], [680000.0, 0.06598970457906804], [700000.0, 0.06547159126408857], [720000.0, 0.06566894026130987], [740000.0, 0.06755568526101431], [760000.0, 0.06809083602482248], [780000.0, 0.06871358822498753], [800000.0, 0.0685288650786747], [820000.0, 0.06833640469393389], [840000.0, 0.06801790782152153], [860000.0, 0.06791872547969767], [880000.0, 0.06761626533462184], [900000.0, 0.06890109282896455], [920000.0, 0.06959041726089589], [940000.0, 0.06803899724428085], [960000.0, 0.06717547593932048], [980000.0, 0.06728608482697931], [1000000.0, 0.06698297227339467]], [[20000.0, 0.057146062646126455], [40000.0, 0.05721569070641744], [60000.0, 0.041991736756285356], [80000.0, 0.03895620504194606], [100000.0, 0.04191970116992764], [120000.0, 0.04541935359243457], [140000.0, 0.04752386201809584], [160000.0, 0.04434902637144717], [180000.0, 0.0440638300452108], [200000.0, 0.04252571955611228], [220000.0, 0.04205710784657777], [240000.0, 0.046351262027850594], [260000.0, 0.04650625675346694], [280000.0, 0.048458453349265546], [300000.0, 0.050236453202809415], [320000.0, 0.048183471398824944], [340000.0, 0.0481983570540394], [360000.0, 0.05017048523326825], [380000.0, 0.05206214132245331], [400000.0, 0.052649713868677624], [420000.0, 0.0530763174249026], [440000.0, 0.05324918881890082], [460000.0, 0.05431334349654306], [480000.0, 0.05109125202779854], [500000.0, 0.05190964283495414], [520000.0, 0.05288976065179829], [540000.0, 0.05122107015980877], [560000.0, 0.04984820140306828], [580000.0, 0.04921240034693696], [600000.0, 0.04906214573192047], [620000.0, 0.04990897241306236], [640000.0, 0.05148917929305871], [660000.0, 0.05211593328084321], [680000.0, 0.05336120595684786], [700000.0, 0.052197614936200946], [720000.0, 0.05200052468119775], [740000.0, 0.052161985738261536], [760000.0, 0.052677757713731926], [780000.0,