{"starting_checkpoint": 2000, "num_checkpoints": 5, "checkpoint_duration": 2000, "num_experiments": 20, "num_selected_arms": 4, "selected_arms": [0, 1, 2, 3], "estimation_errors": [[[2000.0, 0.2896138744297856], [4000.0, 0.1590423883865137], [6000.0, 0.18474063738233099], [8000.0, 0.1467625625091467], [10000.0, 0.13690324071832388]], [[2000.0, 0.27299302119881474], [4000.0, 0.1780183798283944], [6000.0, 0.1108967328934895], [8000.0, 0.12041144669596487], [10000.0, 0.10885012641701364]], [[2000.0, 0.21869768463794048], [4000.0, 0.11571277019736786], [6000.0, 0.0961177691898491], [8000.0, 0.11093296045186474], [10000.0, 0.08989659228351338]], [[2000.0, 0.1784853548988854], [4000.0, 0.1812227003396656], [6000.0, 0.1514776817373764], [8000.0, 0.11584735841264376], [10000.0, 0.13128866906390807]], [[2000.0, 0.2631078920435048], [4000.0, 0.2263826559937236], [6000.0, 0.230643086284894], [8000.0, 0.1305244265431132], [10000.0, 0.08913428433877912]], [[2000.0, 0.1648162289765412], [4000.0, 0.13443758446110488], [6000.0, 0.18788616102385103], [8000.0, 0.14059186196380408], [10000.0, 0.09158086294705753]], [[2000.0, 0.16550659082213587], [4000.0, 0.14999721386080656], [6000.0, 0.14729567700970736], [8000.0, 0.15663139514287233], [10000.0, 0.13178663092613158]], [[2000.0, 0.23117230995249238], [4000.0, 0.19907899772661902], [6000.0, 0.13499937569131398], [8000.0, 0.11104442082188098], [10000.0, 0.10395380099024326]], [[2000.0, 0.3012238831932131], [4000.0, 0.13525429664995137], [6000.0, 0.1272499631804982], [8000.0, 0.09706348394917536], [10000.0, 0.06428004786163266]], [[2000.0, 0.24957499170346964], [4000.0, 0.18548739607923131], [6000.0, 0.1950225938151195], [8000.0, 0.12896231370216982], [10000.0, 0.11441888940986172]], [[2000.0, 0.3571389029843567], [4000.0, 0.18797369471591707], [6000.0, 0.14608681041578636], [8000.0, 0.12153427672352884], [10000.0, 0.08417070436700747]], [[2000.0, 0.2435201357147213], [4000.0, 0.2039608764488796], [6000.0, 0.17460283846121294], [8000.0, 0.16693596285267948], [10000.0, 0.13995782641782462]], [[2000.0, 0.25184906881507413], [4000.0, 0.11279813382031034], [6000.0, 0.14265750662997267], [8000.0, 0.11004939693862997], [10000.0, 0.07564916087084417]], [[2000.0, 0.14544491209014765], [4000.0, 0.100750477916552], [6000.0, 0.09016996057991172], [8000.0, 0.0759070837288438], [10000.0, 0.10812939573700209]], [[2000.0, 0.2032995257413865], [4000.0, 0.07887993850964775], [6000.0, 0.08638289131983767], [8000.0, 0.08628701843626596], [10000.0, 0.10263087636380541]], [[2000.0, 0.4023190205189715], [4000.0, 0.21310195172568092], [6000.0, 0.11650246110510937], [8000.0, 0.11454334839078173], [10000.0, 0.11325362100064928]], [[2000.0, 0.2653100577546055], [4000.0, 0.2894486683122188], [6000.0, 0.2538429685813914], [8000.0, 0.24674223100396847], [10000.0, 0.2279079608202762]], [[2000.0, 0.202161411556176], [4000.0, 0.11700566093757231], [6000.0, 0.15068225197731683], [8000.0, 0.10452618352807308], [10000.0, 0.12059241512842267]], [[2000.0, 0.37135344268775133], [4000.0, 0.2900929701269146], [6000.0, 0.1497750960838084], [8000.0, 0.1355086951262121], [10000.0, 0.11990785987422148]], [[2000.0, 0.35637813907957233], [4000.0, 0.21972439127584142], [6000.0, 0.16586668946459537], [8000.0, 0.15659945676726633], [10000.0, 0.11764235070798956]]]}