{"starting_checkpoint": 20000, "num_checkpoints": 50, "checkpoint_duration": 20000, "num_experiments": 10, "estimation_errors": [[[20000.0, 0.1374265539797076], [40000.0, 0.11109160463925004], [60000.0, 0.13103006087126826], [80000.0, 0.10703876187197985], [100000.0, 0.11935897818570324], [120000.0, 0.12338512253976731], [140000.0, 0.1370205742101115], [160000.0, 0.13954484296175423], [180000.0, 0.14453552265849293], [200000.0, 0.14438751838930572], [220000.0, 0.14391715433472022], [240000.0, 0.14349390050941363], [260000.0, 0.14017158590065779], [280000.0, 0.14038954526520428], [300000.0, 0.13954388583439037], [320000.0, 0.141530837267268], [340000.0, 0.14470429222451545], [360000.0, 0.14189050786367047], [380000.0, 0.14103635845181003], [400000.0, 0.1376423912978049], [420000.0, 0.13440367146547713], [440000.0, 0.13047917124939865], [460000.0, 0.12963767435424667], [480000.0, 0.12645746841328165], [500000.0, 0.12586352235064036], [520000.0, 0.12663816247652918], [540000.0, 0.12896745535862264], [560000.0, 0.12916296115876338], [580000.0, 0.13000108706068067], [600000.0, 0.13016222794757953], [620000.0, 0.13042685864396425], [640000.0, 0.13210086088392933], [660000.0, 0.13205672055622614], [680000.0, 0.13103752821094886], [700000.0, 0.1330485998631857], [720000.0, 0.13356039855964702], [740000.0, 0.13103054792408209], [760000.0, 0.13094454816080153], [780000.0, 0.13188296203900812], [800000.0, 0.1310305718948983], [820000.0, 0.1315059810248912], [840000.0, 0.13454854220132445], [860000.0, 0.13305569824571384], [880000.0, 0.1313143372253294], [900000.0, 0.1318420259884083], [920000.0, 0.1336328963029107], [940000.0, 0.13469320648338323], [960000.0, 0.13256091161277053], [980000.0, 0.13255350207202024], [1000000.0, 0.1317374626109806]], [[20000.0, 0.22517059102127393], [40000.0, 0.25332259861275086], [60000.0, 0.25302717652025564], [80000.0, 0.2403428804821885], [100000.0, 0.22457502721936246], [120000.0, 0.20143376212672734], [140000.0, 0.2083537411320778], [160000.0, 0.20916904041472517], [180000.0, 0.21008016758983664], [200000.0, 0.2089853099230233], [220000.0, 0.20349941102495103], [240000.0, 0.19578218713739623], [260000.0, 0.20232379795009556], [280000.0, 0.20510901410928914], [300000.0, 0.2083690839835031], [320000.0, 0.20232839180658935], [340000.0, 0.2046371890146941], [360000.0, 0.21384034377510172], [380000.0, 0.21400259981829026], [400000.0, 0.2160456385095721], [420000.0, 0.21551962028102278], [440000.0, 0.21538070969511605], [460000.0, 0.21014439560537979], [480000.0, 0.2061634350032514], [500000.0, 0.20516173214852992], [520000.0, 0.2064515432355919], [540000.0, 0.2092877833846456], [560000.0, 0.21085593808303132], [580000.0, 0.2114413019137578], [600000.0, 0.21297393808803827], [620000.0, 0.2080314029675488], [640000.0, 0.2079998032878804], [660000.0, 0.20492298521083702], [680000.0, 0.20423563077092852], [700000.0, 0.20306571428236234], [720000.0, 0.20369683645631903], [740000.0, 0.2026366675898994], [760000.0, 0.20329181094691895], [780000.0, 0.2032782546349605], [800000.0, 0.20196746658729192], [820000.0, 0.20146416674412876], [840000.0, 0.20241349004833273], [860000.0, 0.20126887169451607], [880000.0, 0.20243985098125178], [900000.0, 0.2024260495773475], [920000.0, 0.20216583847508407], [940000.0, 0.20148721279161008], [960000.0, 0.2015181264368173], [980000.0, 0.20139194161948595], [1000000.0, 0.2017969672373632]], [[20000.0, 0.24502035323772423], [40000.0, 0.19522589723088696], [60000.0, 0.1698048800513471], [80000.0, 0.17179473520927308], [100000.0, 0.17414706103926217], [120000.0, 0.17096894555906395], [140000.0, 0.16550434650610088], [160000.0, 0.16500095594445596], [180000.0, 0.16467390129504636], [200000.0, 0.1729294665803263], [220000.0, 0.17469817792495593], [240000.0, 0.16913446288110695], [260000.0, 0.16909605971272143], [280000.0, 0.16486438341184867], [300000.0, 0.16375726366654594], [320000.0, 0.16830444865275893], [340000.0, 0.16823411298774785], [360000.0, 0.16827746245811673], [380000.0, 0.17015906712782777], [400000.0, 0.17140993627828546], [420000.0, 0.17729161016244194], [440000.0, 0.17557993399399335], [460000.0, 0.17843350301179417], [480000.0, 0.1797836486287189], [500000.0, 0.18193062526586024], [520000.0, 0.1821508186524933], [540000.0, 0.18357707370364781], [560000.0, 0.18451749066041007], [580000.0, 0.18540143447751412], [600000.0, 0.18800809726251064], [620000.0, 0.1858034016709181], [640000.0, 0.1850573360231704], [660000.0, 0.18746212390233644], [680000.0, 0.18687681581539323], [700000.0, 0.1878038918968848], [720000.0, 0.18944732716006066], [740000.0, 0.19118494288320584], [760000.0, 0.19009179848368407], [780000.0, 0.19001601523427844], [800000.0, 0.19030531083699478], [820000.0, 0.19000926621574507], [840000.0, 0.1906864981354869], [860000.0, 0.1881156819913699], [880000.0, 0.1872473410237814], [900000.0, 0.18887247413712396], [920000.0, 0.1878154708824438], [940000.0, 0.18935566025233957], [960000.0, 0.18938563022646088], [980000.0, 0.19011654394229224], [1000000.0, 0.19054592593503825]], [[20000.0, 0.12640241088860066], [40000.0, 0.1399993816626582], [60000.0, 0.13600842654850387], [80000.0, 0.14107803339934108], [100000.0, 0.14574511019425015], [120000.0, 0.15663726028370528], [140000.0, 0.16413459328512223], [160000.0, 0.15730321520776488], [180000.0, 0.15433665146604683], [200000.0, 0.15038097283320498], [220000.0, 0.1528494250049988], [240000.0, 0.15226253841183782], [260000.0, 0.15377505941142064], [280000.0, 0.14808400999435067], [300000.0, 0.14994889121347454], [320000.0, 0.14886659856201628], [340000.0, 0.14957857874541508], [360000.0, 0.1484855582436308], [380000.0, 0.14558088291242086], [400000.0, 0.1474811469698524], [420000.0, 0.14886555729804926], [440000.0, 0.14747743852924994], [460000.0, 0.14885252456779463], [480000.0, 0.15290363891298245], [500000.0, 0.1527520688623529], [520000.0, 0.1490402370746592], [540000.0, 0.14761532518724788], [560000.0, 0.1484316748087157], [580000.0, 0.14817543648571624], [600000.0, 0.14707568610670063], [620000.0, 0.14671745193809255], [640000.0, 0.14524292989081278], [660000.0, 0.14691387337770204], [680000.0, 0.1458225303038099], [700000.0, 0.1458381773266428], [720000.0, 0.14461832282435236], [740000.0, 0.1438043914900312], [760000.0, 0.14315608107742972], [780000.0, 0.1441201648394593], [800000.0, 0.14482595149376432], [820000.0, 0.14541900339268443], [840000.0, 0.14504800040102075], [860000.0, 0.14482939678924678], [880000.0, 0.14541539969783987], [900000.0, 0.1456646895158304], [920000.0, 0.14643409609990213], [940000.0, 0.14734441600420056], [960000.0, 0.14731301039603767], [980000.0, 0.14780610978678715], [1000000.0, 0.14964000925681364]], [[20000.0, 0.0658910281450174], [40000.0, 0.08848822763029225], [60000.0, 0.09503473452158569], [80000.0, 0.0971198844126962], [100000.0, 0.10291401909614074], [120000.0, 0.10553961752904928], [140000.0, 0.10938753219121043], [160000.0, 0.1029632398034171], [180000.0, 0.10102509138149317], [200000.0, 0.10062519283160899], [220000.0, 0.10202032073827669], [240000.0, 0.10030365544221953], [260000.0, 0.09759539066876166], [280000.0, 0.0952945400139665], [300000.0, 0.0934531113808353], [320000.0, 0.09544044926463836], [340000.0, 0.09346329464321484], [360000.0, 0.09040347620118001], [380000.0, 0.08909231195188402], [400000.0, 0.08780885876146112], [420000.0, 0.08866629797156923], [440000.0, 0.08850292649656955], [460000.0, 0.08806001020077155], [480000.0, 0.08677742921556798], [500000.0, 0.08723850735214239], [520000.0, 0.08632936480259026], [540000.0, 0.0871197007238867], [560000.0, 0.08874462758298762], [580000.0, 0.08940372532352286], [600000.0, 0.08949814952403545], [620000.0, 0.09015395548873355], [640000.0, 0.08972461482987722], [660000.0, 0.09004842097009816], [680000.0, 0.09076971778557198], [700000.0, 0.08999021791260041], [720000.0, 0.08947067477243822], [740000.0, 0.08898758218811266], [760000.0, 0.08928581677274493], [780000.0, 0.08883272565159164], [800000.0, 0.08868320289511585], [820000.0, 