{"starting_checkpoint": 20000, "num_checkpoints": 50, "checkpoint_duration": 20000, "num_experiments": 10, "estimation_errors": [[[20000.0, 0.3109182304584286], [40000.0, 0.33210303206605235], [60000.0, 0.34080355849563293], [80000.0, 0.3513984183047994], [100000.0, 0.3468086573031181], [120000.0, 0.3491327477623583], [140000.0, 0.35745740903899886], [160000.0, 0.36373469146743925], [180000.0, 0.3643291054637725], [200000.0, 0.3615605704553309], [220000.0, 0.3643810645630202], [240000.0, 0.3632022197302394], [260000.0, 0.36615005927512484], [280000.0, 0.36914490752447954], [300000.0, 0.3668440694772036], [320000.0, 0.36841313304003787], [340000.0, 0.3711212698851225], [360000.0, 0.37352516386220364], [380000.0, 0.37270177608310384], [400000.0, 0.37132336556495377], [420000.0, 0.3702819545927512], [440000.0, 0.36927695155072854], [460000.0, 0.37088701819254577], [480000.0, 0.37070645802318286], [500000.0, 0.3694355277204629], [520000.0, 0.3707429766624681], [540000.0, 0.3718592749753414], [560000.0, 0.37153386116213816], [580000.0, 0.37053679764217967], [600000.0, 0.3682241099216147], [620000.0, 0.36488183431665266], [640000.0, 0.3656255283849087], [660000.0, 0.36819649975546404], [680000.0, 0.36712690209157584], [700000.0, 0.36576745295645474], [720000.0, 0.3671117088021915], [740000.0, 0.3677809507613448], [760000.0, 0.3664517779562088], [780000.0, 0.36837406729893346], [800000.0, 0.3690523538383752], [820000.0, 0.36937879688446235], [840000.0, 0.36904561333077823], [860000.0, 0.3690636937085997], [880000.0, 0.37063050261600855], [900000.0, 0.3710212048070386], [920000.0, 0.37049302726222644], [940000.0, 0.3693415481612758], [960000.0, 0.368657392361838], [980000.0, 0.36763335765917127], [1000000.0, 0.3660299836660456]], [[20000.0, 0.337128298705384], [40000.0, 0.30995588220077464], [60000.0, 0.3191733040672161], [80000.0, 0.31715264246302716], [100000.0, 0.30910889935639885], [120000.0, 0.3186761154434227], [140000.0, 0.3092304728761702], [160000.0, 0.30634633736768674], [180000.0, 0.3052048267471492], [200000.0, 0.30399702783768867], [220000.0, 0.30614650232508794], [240000.0, 0.3059619839507266], [260000.0, 0.30820732251519767], [280000.0, 0.3060399963615207], [300000.0, 0.3097565887170592], [320000.0, 0.30875353897080837], [340000.0, 0.3081780537747998], [360000.0, 0.3068133801276528], [380000.0, 0.3056500495439383], [400000.0, 0.30433942841741796], [420000.0, 0.30264497032843457], [440000.0, 0.30366993945259707], [460000.0, 0.3031389619789573], [480000.0, 0.3067819766498163], [500000.0, 0.3061613042145299], [520000.0, 0.3053429213705584], [540000.0, 0.3061796113643283], [560000.0, 0.3048656208337858], [580000.0, 0.3065990113855457], [600000.0, 0.30536195865099236], [620000.0, 0.3051345264136981], [640000.0, 0.303780043966877], [660000.0, 0.3024259866667709], [680000.0, 0.3031417442483472], [700000.0, 0.30274232386921107], [720000.0, 0.30251656087041806], [740000.0, 0.3026654431597647], [760000.0, 0.30221216843754156], [780000.0, 0.3011931004896341], [800000.0, 0.30170366847343116], [820000.0, 0.30303212085967524], [840000.0, 0.30261268286611376], [860000.0, 0.3021268197716291], [880000.0, 0.302297748343929], [900000.0, 0.30118120887299754], [920000.0, 0.302241809684272], [940000.0, 0.30095783537123033], [960000.0, 0.30158944493224527], [980000.0, 0.2998976061963849], [1000000.0, 0.2993765524966911]], [[20000.0, 0.25688955971143973], [40000.0, 0.2991884515200752], [60000.0, 0.31562129033713066], [80000.0, 0.2961443351818977], [100000.0, 0.29408634315775173], [120000.0, 0.285426879785654], [140000.0, 0.28049963344000184], [160000.0, 0.2850259073897379], [180000.0, 0.2922996115537477], [200000.0, 0.28560755214515393], [220000.0, 0.2854071506580202], [240000.0, 0.2861103236367562], [260000.0, 0.2882195328723664], [280000.0, 0.28967836889071646], [300000.0, 0.2899256515943185], [320000.0, 0.28615049716478524], [340000.0, 0.2869446113821881], [360000.0, 0.2890676707194782], [380000.0, 0.2863570402393804], [400000.0, 0.2859030612080616], [420000.0, 0.2897624625253516], [440000.0, 0.2895979291776786], [460000.0, 0.2889865875375984], [480000.0, 0.28730835339200006], [500000.0, 0.2846571421568554], [520000.0, 0.28295418390995436], [540000.0, 0.28319897892619217], [560000.0, 0.28139486594379826], [580000.0, 0.2795757496135036], [600000.0, 0.2793945044425349], [620000.0, 0.2813079405364787], [640000.0, 0.280080051022271], [660000.0, 0.2793464062464468], [680000.0, 0.2809794337529292], [700000.0, 0.2813685802873395], [720000.0, 0.28059637741817284], [740000.0, 0.28037388869589297], [760000.0, 0.2796533115028221], [780000.0, 0.2799287800896712], [800000.0, 0.28037336661001006], [820000.0, 0.27923514128011245], [840000.0, 0.27897021671551214], [860000.0, 0.28003308975106345], [880000.0, 0.28106402192997726], [900000.0, 0.28182621175206146], [920000.0, 0.28161834448184114], [940000.0, 0.28185433489722866], [960000.0, 0.2816612041194516], [980000.0, 0.28127879051220894], [1000000.0, 0.2818924894477975]], [[20000.0, 0.3407779962103521], [40000.0, 0.33042790619407764], [60000.0, 0.3348751285403544], [80000.0, 0.3226749207496426], [100000.0, 0.33291379562764223], [120000.0, 0.33397092079792456], [140000.0, 0.3280133388047506], [160000.0, 0.32586325974435826], [180000.0, 0.3256982138129704], [200000.0, 0.32492667606748044], [220000.0, 0.3230357227204352], [240000.0, 0.3212653256750643], [260000.0, 0.3219314822255633], [280000.0, 0.3246024768763702], [300000.0, 0.328927634347984], [320000.0, 0.3323211280467881], [340000.0, 0.3335206115640584], [360000.0, 0.3320181253333641], [380000.0, 0.3314765879496368], [400000.0, 0.33514402572630914], [420000.0, 0.3359292222858653], [440000.0, 0.33108221041134], [460000.0, 0.3315983004540389], [480000.0, 0.3293906021205083], [500000.0, 0.3309372682977293], [520000.0, 0.3342793676852435], [540000.0, 0.33379469977906867], [560000.0, 0.33349937829734283], [580000.0, 0.3342054440562208], [600000.0, 0.33266611167687643], [620000.0, 0.33167526951801896], [640000.0, 0.33105688764778457], [660000.0, 0.331643542702185], [680000.0, 0.3307010481624041], [700000.0, 0.33113257218429765], [720000.0, 0.33312078762512504], [740000.0, 0.33260215078862176], [760000.0, 0.3317184315411745], [780000.0, 0.33093406401191466], [800000.0, 0.33058842866060767], [820000.0, 0.3330438553808073], [840000.0, 0.3337465927384805], [860000.0, 0.3347508875988202], [880000.0, 0.33540398076065414], [900000.0, 0.33500865462538915], [920000.0, 0.3361572322531529], [940000.0, 0.33851310530184847], [960000.0, 0.33686727719541854], [980000.0, 0.3371288872092916], [1000000.0, 0.33839544090555307]], [[20000.0, 0.29958744468757503], [40000.0, 0.2995246961858117], [60000.0, 0.28593802556373565], [80000.0, 0.2814656759023784], [100000.0, 0.2818018624852131], [120000.0, 0.2860353694537897], [140000.0, 0.2842978188206185], [160000.0, 0.2748555623055866], [180000.0, 0.280780996137742], [200000.0, 0.2802919019260913], [220000.0, 0.2808423242664961], [240000.0, 0.2852286384065139], [260000.0, 0.2853240457851958], [280000.0, 0.2843037848639119], [300000.0, 0.2849646800593178], [320000.0, 0.2866244647139827], [340000.0, 0.2850631990205322], [360000.0, 0.28484462396782667], [380000.0, 0.2866093695292643], [400000.0, 0.2871940567241075], [420000.0, 0.2898049414884882], [440000.0, 0.2905000113985676], [460000.0, 0.2880111303392316], [480000.0, 0.28578852215792144], [500000.0, 0.2845805219970884], [520000.0, 0.284400387105193], [540000.0, 0.2822166262436928], [560000.0, 0.28045441276041344], [580000.0, 0.279113156123036], [600000.0, 0.27927417668765736], [620000.0, 0.27648769536546774], [640000.0, 0.275785140529459], [660000.0, 0.27556085171159117], [680000.0, 0.27621673963781374], [700000.0, 0.2778253461576043], [720000.0, 0.2783072406211105], [740000.0, 0.28002782512823265], [760000.0, 0.28019636493357375], [780000.0, 0.2798852414396026], [800000.0, 0.2787576073933596], [820000.0, 0.2791296652221658], [840000.0, 0.27893642773547617], [860000.0, 0.27942826070652554], [880000.0, 