{"starting_checkpoint": 20000, "num_checkpoints": 50, "checkpoint_duration": 20000, "num_experiments": 10, "estimation_errors": [[[20000.0, 0.5033752250879697], [40000.0, 0.6063670929835905], [60000.0, 0.5842280359669191], [80000.0, 0.542121520496153], [100000.0, 0.5209296681781236], [120000.0, 0.5201559116495991], [140000.0, 0.4884726475434009], [160000.0, 0.48316952848077643], [180000.0, 0.4517484061094971], [200000.0, 0.43957136914762385], [220000.0, 0.433518966770338], [240000.0, 0.42912039863703494], [260000.0, 0.41255886013245524], [280000.0, 0.4233746466168332], [300000.0, 0.4173756099929196], [320000.0, 0.42169939624509206], [340000.0, 0.42036000373154514], [360000.0, 0.4144636776996137], [380000.0, 0.4145574421692027], [400000.0, 0.4211564262235824], [420000.0, 0.4184363406221582], [440000.0, 0.42096136044032834], [460000.0, 0.41993078776451664], [480000.0, 0.4196969584454784], [500000.0, 0.419323672866541], [520000.0, 0.42140808939228586], [540000.0, 0.4176173823458975], [560000.0, 0.4157831416604092], [580000.0, 0.4145769884485279], [600000.0, 0.41607917707305714], [620000.0, 0.4150296905077055], [640000.0, 0.4156224347084749], [660000.0, 0.4193091149723322], [680000.0, 0.4185554783464244], [700000.0, 0.4202952692873184], [720000.0, 0.42163938362045905], [740000.0, 0.42092352300688546], [760000.0, 0.4218374201893234], [780000.0, 0.4173689270216433], [800000.0, 0.41422788627066914], [820000.0, 0.4158616490112287], [840000.0, 0.4168941016339946], [860000.0, 0.41742308708780074], [880000.0, 0.41425186263555613], [900000.0, 0.4140081731759843], [920000.0, 0.4120078530363986], [940000.0, 0.4119854602569035], [960000.0, 0.4092920110330175], [980000.0, 0.4111907331042691], [1000000.0, 0.4102255083917101]], [[20000.0, 0.21806175832216448], [40000.0, 0.19934190832201298], [60000.0, 0.18972329827542], [80000.0, 0.19326762062881922], [100000.0, 0.1963876013682631], [120000.0, 0.19263364280832884], [140000.0, 0.19193025581232467], [160000.0, 0.19181733652318078], [180000.0, 0.19204790227644944], [200000.0, 0.18906354672704156], [220000.0, 0.18774204958259405], [240000.0, 0.18767222514497495], [260000.0, 0.18752200826632212], [280000.0, 0.18927466233424528], [300000.0, 0.18962903480322577], [320000.0, 0.18917979196324639], [340000.0, 0.18758606684345427], [360000.0, 0.18745878733227278], [380000.0, 0.18762511837264995], [400000.0, 0.18521615457080418], [420000.0, 0.18553434985229597], [440000.0, 0.18426381240069678], [460000.0, 0.18457047445768948], [480000.0, 0.1848027188523025], [500000.0, 0.1838580473786948], [520000.0, 0.18450566299258087], [540000.0, 0.1822050040015446], [560000.0, 0.18161639389004397], [580000.0, 0.18095359564509153], [600000.0, 0.1816745235695812], [620000.0, 0.18183696597417826], [640000.0, 0.18233069778344646], [660000.0, 0.18168148633590808], [680000.0, 0.18091046216619758], [700000.0, 0.18073623193342994], [720000.0, 0.17952753391387585], [740000.0, 0.1799851661344355], [760000.0, 0.18035378206411387], [780000.0, 0.17942727164504832], [800000.0, 0.18003499177294652], [820000.0, 0.1806725860076906], [840000.0, 0.18111759431303426], [860000.0, 0.1806903034169486], [880000.0, 0.18089655810303515], [900000.0, 0.1800107823177511], [920000.0, 0.1801948072413537], [940000.0, 0.18053749900166888], [960000.0, 0.18025932304751735], [980000.0, 0.1799880601102158], [1000000.0, 0.18025937377557258]], [[20000.0, 0.19504428780842908], [40000.0, 0.19213289211359186], [60000.0, 0.19902254864455654], [80000.0, 0.18303223288919615], [100000.0, 0.19454431270943437], [120000.0, 0.20983658441245726], [140000.0, 0.19882567867565684], [160000.0, 0.19989958466573512], [180000.0, 0.21311083487187152], [200000.0, 0.20305018656446425], [220000.0, 0.19634390708181548], [240000.0, 0.19877703107540118], [260000.0, 0.19192743382830701], [280000.0, 0.187742507544299], [300000.0, 0.18561260120673817], [320000.0, 0.18786622548972737], [340000.0, 0.1870604309584311], [360000.0, 0.19113626985097387], [380000.0, 0.19309394982947026], [400000.0, 0.19443178710337825], [420000.0, 0.1934691903514299], [440000.0, 0.19482444900906704], [460000.0, 0.1939916202064342], [480000.0, 0.19222858107864338], [500000.0, 0.18984084587279756], [520000.0, 0.1891155453432142], [540000.0, 0.18971117423488387], [560000.0, 0.18908389709496348], [580000.0, 0.18695675623799837], [600000.0, 0.18983681436200192], [620000.0, 0.19041019356811928], [640000.0, 0.18998095692337785], [660000.0, 0.18999376771145643], [680000.0, 0.1898743657284531], [700000.0, 0.1892016926094779], [720000.0, 0.18830386943174265], [740000.0, 0.1871501898918986], [760000.0, 0.18651695551901773], [780000.0, 0.18663415811758044], [800000.0, 0.1847536977539764], [820000.0, 0.18564687736065785], [840000.0, 0.18630243979562017], [860000.0, 0.18734741812816616], [880000.0, 0.18940271481428686], [900000.0, 0.18816866699243143], [920000.0, 0.18709677695505444], [940000.0, 0.18851051849460518], [960000.0, 0.18971094988234605], [980000.0, 0.1899252894227797], [1000000.0, 0.1887887113948315]], [[20000.0, 0.3775634209041269], [40000.0, 0.3594399575537799], [60000.0, 0.30944714817166774], [80000.0, 0.305508334205726], [100000.0, 0.3092427531008136], [120000.0, 0.328784977899159], [140000.0, 0.3449385254786468], [160000.0, 0.33586986038642686], [180000.0, 0.3294700772333898], [200000.0, 0.32264752541958], [220000.0, 0.31691346868233555], [240000.0, 0.31907051790156327], [260000.0, 0.3214636258683542], [280000.0, 0.3203382598713084], [300000.0, 0.3159844911248075], [320000.0, 0.3216927985729233], [340000.0, 0.33020559349822565], [360000.0, 0.32967552995460714], [380000.0, 0.3329100899853323], [400000.0, 0.3340720161297114], [420000.0, 0.3269141494370865], [440000.0, 0.32791709585092205], [460000.0, 0.3255786299294731], [480000.0, 0.32163213427758636], [500000.0, 0.32411126623649017], [520000.0, 0.324310732338964], [540000.0, 0.32735091904562863], [560000.0, 0.3285219891182615], [580000.0, 0.3302418966053632], [600000.0, 0.33348998182881995], [620000.0, 0.33026119472527027], [640000.0, 0.33273903159415513], [660000.0, 0.33366348343121316], [680000.0, 0.3330978687552538], [700000.0, 0.332417979669777], [720000.0, 0.3329965925912787], [740000.0, 0.33353099990971125], [760000.0, 0.3317212593126689], [780000.0, 0.331839287884713], [800000.0, 0.33247615006651776], [820000.0, 0.3296383047552131], [840000.0, 0.32860802024959557], [860000.0, 0.3284211206681646], [880000.0, 0.32609025148544685], [900000.0, 0.32736890283917974], [920000.0, 0.32925191735682774], [940000.0, 0.3302549469436781], [960000.0, 0.33129548473978465], [980000.0, 0.33078073446908174], [1000000.0, 0.33086417953028235]], [[20000.0, 0.35078364181544147], [40000.0, 0.31491262807550247], [60000.0, 0.32715718883858297], [80000.0, 0.33421551271399014], [100000.0, 0.3125967236797001], [120000.0, 0.3182234243387569], [140000.0, 0.31811246954513595], [160000.0, 0.3173020217516272], [180000.0, 0.31522985926006725], [200000.0, 0.31469528490800414], [220000.0, 0.3170816574438859], [240000.0, 0.3245452298735754], [260000.0, 0.3221963028337457], [280000.0, 0.3202098659561466], [300000.0, 0.32425855559773464], [320000.0, 0.3181420689419842], [340000.0, 0.3169051996477868], [360000.0, 0.31773662743662107], [380000.0, 0.3123895994971697], [400000.0, 0.30824291961139777], [420000.0, 0.3107003605512019], [440000.0, 0.312586912401929], [460000.0, 0.3124378020044376], [480000.0, 0.31141009902816214], [500000.0, 0.3115340786685319], [520000.0, 0.3106878931637246], [540000.0, 0.3102882842966565], [560000.0, 0.31091586422905837], [580000.0, 0.31119370349089814], [600000.0, 0.31183666068966204], [620000.0, 0.31116942102194844], [640000.0, 0.31304285246825714], [660000.0, 0.31210613018074707], [680000.0, 0.3093356342409963], [700000.0, 0.30806067553179767], [720000.0, 0.30704205735055], [740000.0, 0.30744246865784586], [760000.0, 0.3087143965829686], [780000.0, 0.3082200293386485], [800000.0, 0.3074650435500009], [820000.0, 0.30750110597200087], [840000.0, 0.30637937536944143], [860000.0, 