{"starting_checkpoint": 20000, "num_checkpoints": 50, "checkpoint_duration": 20000, "num_experiments": 10, "estimation_errors": [[[20000.0, 0.18538699921461363], [40000.0, 0.2047981155526064], [60000.0, 0.20508477421815974], [80000.0, 0.22921326059814945], [100000.0, 0.23452277630424728], [120000.0, 0.2202962955572333], [140000.0, 0.21970374877917917], [160000.0, 0.21380469585498363], [180000.0, 0.21068188022515683], [200000.0, 0.2023126350096538], [220000.0, 0.20548154953441627], [240000.0, 0.2116542235945296], [260000.0, 0.21252779355400692], [280000.0, 0.20819476036379744], [300000.0, 0.20281452801350122], [320000.0, 0.2013507714660524], [340000.0, 0.19772096191747413], [360000.0, 0.1980401240325936], [380000.0, 0.19595528896650902], [400000.0, 0.19703599638708869], [420000.0, 0.19507253306716493], [440000.0, 0.1933888205083031], [460000.0, 0.195434159712054], [480000.0, 0.19340206122120748], [500000.0, 0.19486752462756185], [520000.0, 0.19677063591927502], [540000.0, 0.19798602987493227], [560000.0, 0.19823183243685472], [580000.0, 0.19831274990288197], [600000.0, 0.1976517007298057], [620000.0, 0.1967522231997982], [640000.0, 0.1955140116718464], [660000.0, 0.19541583605253818], [680000.0, 0.19492519851261766], [700000.0, 0.19544354902847028], [720000.0, 0.1951492434653959], [740000.0, 0.19435540381859315], [760000.0, 0.19326506480251213], [780000.0, 0.19023321018788714], [800000.0, 0.19013702246875971], [820000.0, 0.189998928225396], [840000.0, 0.19038609893546082], [860000.0, 0.19053243656601343], [880000.0, 0.1898344075454375], [900000.0, 0.18975767333501514], [920000.0, 0.19057823582410596], [940000.0, 0.19055741343072877], [960000.0, 0.19026273051145776], [980000.0, 0.1900548338978049], [1000000.0, 0.18990716915045391]], [[20000.0, 0.23261199905641444], [40000.0, 0.18465630600113642], [60000.0, 0.17270320113319393], [80000.0, 0.1712417156921409], [100000.0, 0.16446295143251974], [120000.0, 0.157757437537529], [140000.0, 0.1572902774999969], [160000.0, 0.15879219753938034], [180000.0, 0.15289430442186144], [200000.0, 0.14900120114016363], [220000.0, 0.14654718574708717], [240000.0, 0.1444268220247922], [260000.0, 0.14573510992091668], [280000.0, 0.1437004762576102], [300000.0, 0.1417666600042536], [320000.0, 0.14070195183568932], [340000.0, 0.14381025877252426], [360000.0, 0.14321615420947034], [380000.0, 0.14191427623965464], [400000.0, 0.1420264115186155], [420000.0, 0.14266214308153488], [440000.0, 0.14330646234180944], [460000.0, 0.14420513974825533], [480000.0, 0.1435725810997761], [500000.0, 0.14461530421514543], [520000.0, 0.14473676767848642], [540000.0, 0.14442390989486215], [560000.0, 0.1461074791912428], [580000.0, 0.14408183581131104], [600000.0, 0.14508345306263246], [620000.0, 0.14499051980108293], [640000.0, 0.14543597807750933], [660000.0, 0.14587292084191653], [680000.0, 0.14570725296200887], [700000.0, 0.14656850630967258], [720000.0, 0.14567975926293786], [740000.0, 0.14645389853499352], [760000.0, 0.1464235977751711], [780000.0, 0.14499628361964917], [800000.0, 0.14522380078673253], [820000.0, 0.14506888891718123], [840000.0, 0.14536906760202586], [860000.0, 0.14390199703404066], [880000.0, 0.14376318436002636], [900000.0, 0.144271578599638], [920000.0, 0.14376714800677867], [940000.0, 0.1431090208501384], [960000.0, 0.14289942314581916], [980000.0, 0.1430943468111337], [1000000.0, 0.14298520555664618]], [[20000.0, 0.19059557334072694], [40000.0, 0.18585798976383627], [60000.0, 0.17985371709176184], [80000.0, 0.17090375859322704], [100000.0, 0.17033023561970909], [120000.0, 0.16790613082466843], [140000.0, 0.1719992483935857], [160000.0, 0.17964807341781372], [180000.0, 0.1774179035163865], [200000.0, 0.17171796316514407], [220000.0, 0.16912638502618438], [240000.0, 0.16948956680052785], [260000.0, 0.1670930985101592], [280000.0, 0.16959007614293622], [300000.0, 0.1710168188163643], [320000.0, 0.17292882449046104], [340000.0, 0.1741172617490595], [360000.0, 0.17499847383024095], [380000.0, 0.17280541857498782], [400000.0, 0.17372926513593098], [420000.0, 0.17414712345092626], [440000.0, 0.1738007765123867], [460000.0, 0.1746367189450497], [480000.0, 0.17787732347325186], [500000.0, 0.17776580070708298], [520000.0, 0.17836469533524008], [540000.0, 0.18042609658998315], [560000.0, 0.18026434504773894], [580000.0, 0.1799492430620683], [600000.0, 0.17881203322604228], [620000.0, 0.1783671773297206], [640000.0, 0.1779323825486701], [660000.0, 0.17829568946992078], [680000.0, 0.17665995798935638], [700000.0, 0.1772505337322964], [720000.0, 0.17776161772620727], [740000.0, 0.17770915551598757], [760000.0, 0.17808210339900593], [780000.0, 0.17774130511883524], [800000.0, 0.1781250886360759], [820000.0, 0.17780909673647843], [840000.0, 0.17819859075066777], [860000.0, 0.17846095250778932], [880000.0, 0.17808304299468192], [900000.0, 0.17795967389645354], [920000.0, 0.17742211650873124], [940000.0, 0.17674376347850107], [960000.0, 0.17666535006348594], [980000.0, 0.1775525804647078], [1000000.0, 0.17692115646464185]], [[20000.0, 0.22769681350103388], [40000.0, 0.20769409083330104], [60000.0, 0.18616801705127972], [80000.0, 0.18958010959055346], [100000.0, 0.17409404867560718], [120000.0, 0.17276834099450902], [140000.0, 0.16815645411637237], [160000.0, 0.16697243331270561], [180000.0, 0.17904612715369533], [200000.0, 0.17615180264187338], [220000.0, 0.1743755067262186], [240000.0, 0.1730297808935592], [260000.0, 0.1766281560989214], [280000.0, 0.17959848650591614], [300000.0, 0.17611715559890007], [320000.0, 0.17514453366862273], [340000.0, 0.17493597168179834], [360000.0, 0.17653766030097715], [380000.0, 0.17313206275439383], [400000.0, 0.1765164750358296], [420000.0, 0.17829811013758304], [440000.0, 0.1768465447079621], [460000.0, 0.17614975051722612], [480000.0, 0.1709905020807214], [500000.0, 0.16916647572341176], [520000.0, 0.17129763820755034], [540000.0, 0.17044274906631826], [560000.0, 0.172385856099494], [580000.0, 0.17259398512104548], [600000.0, 0.1711110596584105], [620000.0, 0.1715733916910325], [640000.0, 0.17197760719316527], [660000.0, 0.17423750324811588], [680000.0, 0.173774419252239], [700000.0, 0.17261441049127893], [720000.0, 0.1705826454323523], [740000.0, 0.17019760545290308], [760000.0, 0.1700773384520182], [780000.0, 0.17006830754051366], [800000.0, 0.16936854210322538], [820000.0, 0.16882163184261803], [840000.0, 0.1693151766819681], [860000.0, 0.16928028758946273], [880000.0, 0.16918505329964928], [900000.0, 0.16946776309316983], [920000.0, 0.16872641755618623], [940000.0, 0.1679838695003686], [960000.0, 0.1695019005571334], [980000.0, 0.16918758402457473], [1000000.0, 0.17018775310892234]], [[20000.0, 0.30249191261669345], [40000.0, 0.2358848840304596], [60000.0, 0.2173224456063855], [80000.0, 0.20134042414250797], [100000.0, 0.21019864391027157], [120000.0, 0.19846113200482254], [140000.0, 0.1894619900571193], [160000.0, 0.1869695272758356], [180000.0, 0.18433977365896184], [200000.0, 0.18654114138146155], [220000.0, 0.17939708280413413], [240000.0, 0.179913314528913], [260000.0, 0.1817436849542877], [280000.0, 0.18295446897392287], [300000.0, 0.18263244395967665], [320000.0, 0.179140138930078], [340000.0, 0.17772095523733936], [360000.0, 0.17627279823393166], [380000.0, 0.1720974571048319], [400000.0, 0.17443543215040572], [420000.0, 0.17383836791752674], [440000.0, 0.17152861640804584], [460000.0, 0.17226042665515057], [480000.0, 0.17217815510521164], [500000.0, 0.171781533943769], [520000.0, 0.17299451165717206], [540000.0, 0.1719051922384729], [560000.0, 0.17201202502346116], [580000.0, 0.17047023319409407], [600000.0, 0.1693741128620487], [620000.0, 0.16933238487203514], [640000.0, 0.16853143668470733], [660000.0, 0.16870663575541023], [680000.0, 0.16819080291973088], [700000.0, 0.16652189207316098], [720000.0, 0.16630449923996093], [740000.0, 0.16679193421932553], [760000.0, 0.16574750062159338], [780000.0, 0.1647702934280903], [800000.0, 0.16325025914724137], [820000.0, 0.16399423416255984], 