{
  "starting_checkpoint": 20000,
  "num_checkpoints": 51,
  "checkpoint_duration": 20000,
  "num_experiments": 2,
  "estimation_errors": [
    [
      [
        20000.0,
        0.5969474691645331
      ],
      [
        40000.0,
        0.38884713541390326
      ],
      [
        60000.0,
        0.33711390797856833
      ],
      [
        80000.0,
        0.27305330077715884
      ],
      [
        100000.0,
        0.29535883364727805
      ],
      [
        120000.0,
        0.26854088334123205
      ],
      [
        140000.0,
        0.23746121487423333
      ],
      [
        160000.0,
        0.22194391166982813
      ],
      [
        180000.0,
        0.2036315403261585
      ],
      [
        200000.0,
        0.1990055022531443
      ],
      [
        220000.0,
        0.1948757713881031
      ],
      [
        240000.0,
        0.18290322160444294
      ],
      [
        260000.0,
        0.18313674703435234
      ],
      [
        280000.0,
        0.18438620287575597
      ],
      [
        300000.0,
        0.1805771702380548
      ],
      [
        320000.0,
        0.1641398408627018
      ],
      [
        340000.0,
        0.15773920551025217
      ],
      [
        360000.0,
        0.16378735251680082
      ],
      [
        380000.0,
        0.16218548562304114
      ],
      [
        400000.0,
        0.156434557479993
      ],
      [
        420000.0,
        0.14800024010188012
      ],
      [
        440000.0,
        0.1480102117060171
      ],
      [
        460000.0,
        0.13539077789485476
      ],
      [
        480000.0,
        0.12896846569058493
      ],
      [
        500000.0,
        0.12393181930909812
      ],
      [
        520000.0,
        0.11278861072462423
      ],
      [
        540000.0,
        0.10821625170397192
      ],
      [
        560000.0,
        0.10842437885105059
      ],
      [
        580000.0,
        0.11114247440154906
      ],
      [
        600000.0,
        0.10762211740272204
      ],
      [
        620000.0,
        0.10435243225679591
      ],
      [
        640000.0,
        0.1063167294286187
      ],
      [
        660000.0,
        0.10439838715538369
      ],
      [
        680000.0,
        0.10366071297824181
      ],
      [
        700000.0,
        0.1020254992626857
      ],
      [
        720000.0,
        0.10381562440254202
      ],
      [
        740000.0,
        0.10104228929853364
      ],
      [
        760000.0,
        0.09203261477176208
      ],
      [
        780000.0,
        0.08941271310736895
      ],
      [
        800000.0,
        0.08762893805991359
      ],
      [
        820000.0,
        0.09054470286345145
      ],
      [
        840000.0,
        0.09130418499627913
      ],
      [
        860000.0,
        0.08329231793781447
      ],
      [
        880000.0,
        0.08507549115702051
      ],
      [
        900000.0,
        0.0841576561848609
      ],
      [
        920000.0,
        0.0827896735895893
      ],
      [
        940000.0,
        0.08251255800234647
      ],
      [
        960000.0,
        0.08130890130384039
      ],
      [
        980000.0,
        0.086356586194096
      ],
      [
        1000000.0,
        0.08569485698405782
      ],
      [
        1020000.0,
        0.08551908777128792
      ]
    ],
    [
      [
        20000.0,
        0.45977536844085065
      ],
      [
        40000.0,
        0.34887379134372454
      ],
      [
        60000.0,
        0.32658982384883295
      ],
      [
        80000.0,
        0.29334180593391745
      ],
      [
        100000.0,
        0.2178989551473458
      ],
      [
        120000.0,
        0.22944623549756746
      ],
      [
        140000.0,
        0.22504456882814433
      ],
      [
        160000.0,
        0.21667175831134095
      ],
      [
        180000.0,
        0.20238746302023722
      ],
      [
        200000.0,
        0.182405932167772
      ],
      [
        220000.0,
        0.17463085043706084
      ],
      [
        240000.0,
        0.18128124800138817
      ],
      [
        260000.0,
        0.15611504569438156
      ],
      [
        280000.0,
        0.1439750161609803
      ],
      [
        300000.0,
        0.13935963026380022
      ],
      [
        320000.0,
        0.12969646150917852
      ],
      [
        340000.0,
        0.12526223350173077
      ],
      [
        360000.0,
        0.11027155868409438
      ],
      [
        380000.0,
        0.10054886423863904
      ],
      [
        400000.0,
        0.09094419435626167
      ],
      [
        420000.0,
        0.09599546664399579
      ],
      [
        440000.0,
        0.09537795733697825
      ],
      [
        460000.0,
        0.09612065607621159
      ],
      [
        480000.0,
        0.09628984984554217
      ],
      [
        500000.0,
        0.09900819890485184
      ],
      [
        520000.0,
        0.09751691119467908
      ],
      [
        540000.0,
        0.10168034134895342
      ],
      [
        560000.0,
        0.09775934951719391
      ],
      [
        580000.0,
        0.10069328176477066
      ],
      [
        600000.0,
        0.09680144803566229
      ],
      [
        620000.0,
        0.09108365029481674
      ],
      [
        640000.0,
        0.09199965765047817
      ],
      [
        660000.0,
        0.09118977715574614
      ],
      [
        680000.0,
        0.09064818988233363
      ],
      [
        700000.0,
        0.09080510464824909
      ],
      [
        720000.0,
        0.09087460037259663
      ],
      [
        740000.0,
        0.08991852872407943
      ],
      [
        760000.0,
        0.0894254024984183
      ],
      [
        780000.0,
        0.08830773451308313
      ],
      [
        800000.0,
        0.08230451090397613
      ],
      [
        820000.0,
        0.08675681216805126
      ],
      [
        840000.0,
        0.08835267405956782
      ],
      [
        860000.0,
        0.0863839101648086
      ],
      [
        880000.0,
        0.0802415715341046
      ],
      [
        900000.0,
        0.07655559926408306
      ],
      [
        920000.0,
        0.07985498696123529
      ],
      [
        940000.0,
        0.0808004462015695
      ],
      [
        960000.0,
        0.07911283208072044
      ],
      [
        980000.0,
        0.0781730767363703
      ],
      [
        1000000.0,
        0.0751056997111694
      ],
      [
        1020000.0,
        0.08359053348999329
      ]
    ]
  ],
  "num_states": 5
}