{"starting_checkpoint": 20000, "num_checkpoints": 50, "checkpoint_duration": 20000, "num_experiments": 10, "estimation_errors": [[[20000.0, 6.635439347669015], [40000.0, 4.622579006008342], [60000.0, 3.812179799876727], [80000.0, 3.0505046599079346], [100000.0, 2.6692938453880304], [120000.0, 2.5392754272450855], [140000.0, 2.3468398289640504], [160000.0, 2.240875725957401], [180000.0, 2.1974908046904593], [200000.0, 2.0555758766940624], [220000.0, 2.064251418166085], [240000.0, 1.930325321395208], [260000.0, 1.8847936328851902], [280000.0, 1.8508817549211316], [300000.0, 1.77142694615439], [320000.0, 1.6849551880798055], [340000.0, 1.643276997248154], [360000.0, 1.616712424547022], [380000.0, 1.5984870533481823], [400000.0, 1.527080176228532], [420000.0, 1.4805010643473637], [440000.0, 1.4365868086184799], [460000.0, 1.4167050654433764], [480000.0, 1.3659584570202237], [500000.0, 1.3540993297980808], [520000.0, 1.2994642963759047], [540000.0, 1.3089305578783335], [560000.0, 1.2691304318104868], [580000.0, 1.2720955863689065], [600000.0, 1.2536821676052912], [620000.0, 1.2139198843540773], [640000.0, 1.1998021903496057], [660000.0, 1.1719780635471402], [680000.0, 1.1631422264128652], [700000.0, 1.1448775627391157], [720000.0, 1.1076828299552934], [740000.0, 1.099421085853777], [760000.0, 1.072052095201054], [780000.0, 1.061793254559194], [800000.0, 1.0855555663812508], [820000.0, 1.0681729513233011], [840000.0, 1.0454587613560835], [860000.0, 1.0265311231655578], [880000.0, 1.0312896375623204], [900000.0, 1.028723306576792], [920000.0, 1.011720224611684], [940000.0, 0.9864361610822401], [960000.0, 0.977861145213458], [980000.0, 0.964887216535452], [1000000.0, 0.9485810911658883]], [[20000.0, 6.5855749038124065], [40000.0, 4.82180291994886], [60000.0, 3.772970413977009], [80000.0, 3.4787627424362126], [100000.0, 2.8733085209952716], [120000.0, 2.6372652220838777], [140000.0, 2.5145842505382245], [160000.0, 2.374027156941592], [180000.0, 2.1583121808721044], [200000.0, 1.967914559401526], [220000.0, 1.8719802925390803], [240000.0, 1.9344520877254048], [260000.0, 1.8480305218014172], [280000.0, 1.7690897905621363], [300000.0, 1.6561904761870072], [320000.0, 1.6207056772527852], [340000.0, 1.6088218626914812], [360000.0, 1.4876118336926305], [380000.0, 1.4309529290890788], [400000.0, 1.408292086315062], [420000.0, 1.4125414741190125], [440000.0, 1.4055669534627637], [460000.0, 1.3943543623874448], [480000.0, 1.3869678665749077], [500000.0, 1.3560842186423432], [520000.0, 1.3792112925626183], [540000.0, 1.3726570817442982], [560000.0, 1.3458956971774643], [580000.0, 1.3227236251389376], [600000.0, 1.2753617004582263], [620000.0, 1.2622807128692275], [640000.0, 1.250408533140378], [660000.0, 1.2587238343522151], [680000.0, 1.2549836505123102], [700000.0, 1.1925306087278198], [720000.0, 1.172068656321303], [740000.0, 1.1750786239545945], [760000.0, 1.1410989072860453], [780000.0, 1.1065769991533587], [800000.0, 1.0667365854855768], [820000.0, 1.0511999036152813], [840000.0, 1.0250997629546306], [860000.0, 1.011712636615895], [880000.0, 1.0176177250789078], [900000.0, 0.992982953956266], [920000.0, 1.0021561347860595], [940000.0, 0.9874439971320264], [960000.0, 0.9779071553469425], [980000.0, 0.9688981468620855], [1000000.0, 0.9403603832212944]], [[20000.0, 6.4473573794192], [40000.0, 4.52323995013714], [60000.0, 3.8841855615380774], [80000.0, 3.425254563777804], [100000.0, 3.0543891149595623], [120000.0, 2.7543604686120737], [140000.0, 2.7077779709411995], [160000.0, 2.572610622816365], [180000.0, 2.58987586045899], [200000.0, 2.445369898898978], [220000.0, 2.3079977834446326], [240000.0, 2.1004006332811267], [260000.0, 2.0541100080659147], [280000.0, 1.9300602134163403], [300000.0, 1.7743524105891026], [320000.0, 1.8080129037907016], [340000.0, 1.7460421152047918], [360000.0, 1.7136304263145554], [380000.0, 1.66016030859174], [400000.0, 1.6216870582477507], [420000.0, 1.5806869553660823], [440000.0, 1.5796026123745086], [460000.0, 1.5502643702906127], [480000.0, 1.5178925275435433], [500000.0, 1.5157324364765765], [520000.0, 1.441932612717114], [540000.0, 1.450932235208846], [560000.0, 1.4259738277416316], [580000.0, 1.3578952956682317], [600000.0, 1.3323695109903264], [620000.0, 1.2905139028134842], [640000.0, 1.2346865046718862], [660000.0, 1.2063546491313888], [680000.0, 1.1878607403320178], [700000.0, 1.1483500551344963], [720000.0, 1.118229289539586], [740000.0, 1.0978476178341867], [760000.0, 1.0995782255412598], [780000.0, 1.080931124432922], [800000.0, 1.0748070410973591], [820000.0, 1.0686481362508546], [840000.0, 1.031988302460619], [860000.0, 1.0261392741447], [880000.0, 1.0116036101609693], [900000.0, 1.0130031813231501], [920000.0, 1.0201714962357369], [940000.0, 1.0284468265501512], [960000.0, 1.0338083834857499], [980000.0, 1.038289194124091], [1000000.0, 1.0090489371757074]], [[20000.0, 6.519231722069469], [40000.0, 4.6038689780426765], [60000.0, 3.6356941053397502], [80000.0, 3.4396655327334873], [100000.0, 3.044480151882417], [120000.0, 2.700753132949459], [140000.0, 2.5317530599404034], [160000.0, 2.475099876961305], [180000.0, 2.1485953624466876], [200000.0, 2.0997777714320884], [220000.0, 1.9781571221963707], [240000.0, 1.9459942145794509], [260000.0, 1.8948968472325896], [280000.0, 1.8440113970838459], [300000.0, 1.680254302282122], [320000.0, 1.6544178873629514], [340000.0, 1.533584993569031], [360000.0, 1.507526681753094], [380000.0, 1.564065187151791], [400000.0, 1.5302861279617037], [420000.0, 1.504619667166483], [440000.0, 1.4432362534894874], [460000.0, 1.404280170038252], [480000.0, 1.3449394989158043], [500000.0, 1.3334287554980924], [520000.0, 1.2838042551489668], [540000.0, 1.2614225492758668], [560000.0, 1.2391543810445775], [580000.0, 1.1982422763321023], [600000.0, 1.1669862110333244], [620000.0, 1.145727831428836], [640000.0, 1.1292755513289796], [660000.0, 1.1215636518725636], [680000.0, 1.123305866531401], [700000.0, 1.0759628136541393], [720000.0, 1.0558025193889726], [740000.0, 1.0332848925598053], [760000.0, 0.9970983859602347], [780000.0, 0.9922499780768523], [800000.0, 0.9826630638028023], [820000.0, 0.981444517887774], [840000.0, 0.9814278604270943], [860000.0, 0.9644783190066879], [880000.0, 0.9614773776535923], [900000.0, 0.9483406510005659], [920000.0, 0.9108863169924075], [940000.0, 0.8964775815564199], [960000.0, 0.9041853851995066], [980000.0, 0.897528773175387], [1000000.0, 0.8913793800770632]], [[20000.0, 7.171464026673835], [40000.0, 4.7704717635959515], [60000.0, 3.805244582283084], [80000.0, 3.3233923266247745], [100000.0, 2.8358591132121527], [120000.0, 2.6633863677709257], [140000.0, 2.4929655068482632], [160000.0, 2.2981188678519295], [180000.0, 2.1681827904342126], [200000.0, 2.0716156697392862], [220000.0, 1.9570582766474587], [240000.0, 1.9256993585818702], [260000.0, 1.851714059598468], [280000.0, 1.8377340949761816], [300000.0, 1.749847160550118], [320000.0, 1.7098193408252054], [340000.0, 1.6176068978910312], [360000.0, 1.6030936191562022], [380000.0, 1.5293142036359804], [400000.0, 1.5203127033024524], [420000.0, 1.5009329610071378], [440000.0, 1.4347972064229797], [460000.0, 1.41408114587271], [480000.0, 1.3834111800350044], [500000.0, 1.3792385983452229], [520000.0, 1.3519610554106913], [540000.0, 1.293857713867631], [560000.0, 1.2898792959583567], [580000.0, 1.278281015758155], [600000.0, 1.2695674323684227], [620000.0, 1.2638196325952231], [640000.0, 1.1949575089626443], [660000.0, 1.1552353533287645], [680000.0, 1.1214583260110838], [700000.0, 1.110682002757669], [720000.0, 1.0960305403066992], [740000.0, 1.0841615052738252], [760000.0, 1.0554156227488223], [780000.0, 1.0267120019271179], [800000.0, 1.0156681886496361], [820000.0, 0.9783995436023386], [840000.0, 0.9731367946889279], [860000.0, 0.9997248496303204], [880000.0, 0.9991916032021324], [900000.0, 0.9912418208153984], [920000.0, 0.9569047766101354], [940000.0, 0.9514651922375483], [960000.0, 0.9109223392173937], [980000.0, 