{"starting_checkpoint": 20000, "num_checkpoints": 51, "checkpoint_duration": 10000, "num_experiments": 2, "estimation_errors": [[[20000.0, 7.238881602471895], [30000.0, 5.331753272141746], [40000.0, 4.676153135969225], [50000.0, 4.259877093315226], [60000.0, 3.812135311327542], [70000.0, 3.5177516985669364], [80000.0, 3.312573861000217], [90000.0, 3.035843253258002], [100000.0, 2.9636340767942686], [110000.0, 2.8045102080964392], [120000.0, 2.7048460900601], [130000.0, 2.592305087721703], [140000.0, 2.4911005595570472], [150000.0, 2.405003729185964], [160000.0, 2.2537182905639073], [170000.0, 2.207983294545696], [180000.0, 2.140919791894788], [190000.0, 2.078081833832834], [200000.0, 1.983491836188994], [210000.0, 1.888319861420369], [220000.0, 1.811636634508465], [230000.0, 1.8012699700820005], [240000.0, 1.7417418841121277], [250000.0, 1.7203732572201276], [260000.0, 1.7130689241535242], [270000.0, 1.6661608544724378], [280000.0, 1.609365510080567], [290000.0, 1.5206213460003668], [300000.0, 1.4968169039121166], [310000.0, 1.4818834377349055], [320000.0, 1.5077875420143374], [330000.0, 1.5405346957067332], [340000.0, 1.5211850687615798], [350000.0, 1.4743381331770327], [360000.0, 1.486713966053771], [370000.0, 1.5001435418700653], [380000.0, 1.497220145640482], [390000.0, 1.4752810662038258], [400000.0, 1.4158260621864964], [410000.0, 1.396039370566758], [420000.0, 1.34652902384557], [430000.0, 1.3274025839781074], [440000.0, 1.2952754445205152], [450000.0, 1.2829173012472896], [460000.0, 1.2547706113799568], [470000.0, 1.2235199892465005], [480000.0, 1.2155331454412255], [490000.0, 1.214836319234006], [500000.0, 1.2019532814084288], [510000.0, 1.1799807908637114], [520000.0, 1.1718695070986926]], [[20000.0, 7.301294745674006], [30000.0, 5.8221533365757425], [40000.0, 5.05144190521959], [50000.0, 4.090333695849905], [60000.0, 3.8503786241836027], [70000.0, 3.431558114415401], [80000.0, 3.183018362741464], [90000.0, 2.8676332043391817], [100000.0, 2.7763280536062647], [110000.0, 2.6359134353919416], [120000.0, 2.4662597900880847], [130000.0, 2.4266491765260754], [140000.0, 2.3561264531518056], [150000.0, 2.2936500262456], [160000.0, 2.3131489000050953], [170000.0, 2.335417703005002], [180000.0, 2.2803775922535374], [190000.0, 2.3331437975006493], [200000.0, 2.2765413846472784], [210000.0, 2.1814527240488113], [220000.0, 2.079651511865546], [230000.0, 2.089795706311622], [240000.0, 1.9993825631121172], [250000.0, 1.9698828350384296], [260000.0, 1.975327331602966], [270000.0, 1.9450751704002138], [280000.0, 1.887417501897444], [290000.0, 1.8773742083750187], [300000.0, 1.8858276612444391], [310000.0, 1.853162833847008], [320000.0, 1.8132220703188349], [330000.0, 1.740656067075193], [340000.0, 1.6769596571453516], [350000.0, 1.6287506611815754], [360000.0, 1.654095547239497], [370000.0, 1.618009851516712], [380000.0, 1.6309120976989395], [390000.0, 1.6204382568279307], [400000.0, 1.603548544284712], [410000.0, 1.588640593241572], [420000.0, 1.5706644900878328], [430000.0, 1.5138234839395515], [440000.0, 1.469751560994458], [450000.0, 1.4161766264344784], [460000.0, 1.391855175563658], [470000.0, 1.3790934934355792], [480000.0, 1.3533797524381357], [490000.0, 1.3661689256956029], [500000.0, 1.3489674718227789], [510000.0, 1.325860002702111], [520000.0, 1.3127607298221642]]], "num_states": 15}