{"starting_checkpoint": 20000, "num_checkpoints": 50, "checkpoint_duration": 20000, "num_experiments": 10, "estimation_errors": [[[20000.0, 0.2630022807372821], [40000.0, 0.2136563639437177], [60000.0, 0.16866577855089934], [80000.0, 0.13007477282209298], [100000.0, 0.1121877142008195], [120000.0, 0.093000421978502], [140000.0, 0.0884450069265582], [160000.0, 0.08570122950208255], [180000.0, 0.07950496509588442], [200000.0, 0.07295724114713895], [220000.0, 0.0728249764020565], [240000.0, 0.06817629522849751], [260000.0, 0.0652697519086343], [280000.0, 0.06048124977171725], [300000.0, 0.05941417038355549], [320000.0, 0.05675860564321592], [340000.0, 0.05579279504970977], [360000.0, 0.055073639353845], [380000.0, 0.05650944171903814], [400000.0, 0.054791325184207366], [420000.0, 0.052967104447202144], [440000.0, 0.049622341329879964], [460000.0, 0.050346599449053626], [480000.0, 0.04912955528586412], [500000.0, 0.04812171442813152], [520000.0, 0.04814030388040931], [540000.0, 0.04805334475182713], [560000.0, 0.04472401094865525], [580000.0, 0.04490107201572087], [600000.0, 0.045333211980450656], [620000.0, 0.04686501922130744], [640000.0, 0.044431143680418374], [660000.0, 0.044785223463953604], [680000.0, 0.0452537391864197], [700000.0, 0.04432975286977207], [720000.0, 0.044530168322378674], [740000.0, 0.04406134742486918], [760000.0, 0.04338542031621534], [780000.0, 0.043358217298356455], [800000.0, 0.04259578832740075], [820000.0, 0.04193766704651472], [840000.0, 0.042093824071007334], [860000.0, 0.040413770807745636], [880000.0, 0.04030479492697465], [900000.0, 0.04031443230510522], [920000.0, 0.04007113175404299], [940000.0, 0.039569868388158506], [960000.0, 0.03984782128135077], [980000.0, 0.04010125700943483], [1000000.0, 0.03973659904109894]], [[20000.0, 0.25654806105730316], [40000.0, 0.19550545139710435], [60000.0, 0.16878281712745816], [80000.0, 0.14654599742380345], [100000.0, 0.1339426601870927], [120000.0, 0.11014203815192582], [140000.0, 0.10161809976411611], [160000.0, 0.09842933800650001], [180000.0, 0.09434941499970273], [200000.0, 0.08811749669802811], [220000.0, 0.08229923524656922], [240000.0, 0.07709418720387382], [260000.0, 0.07335362517804896], [280000.0, 0.07065378322783754], [300000.0, 0.07096195262068775], [320000.0, 0.06928333110041303], [340000.0, 0.06843408868113329], [360000.0, 0.06503619578562651], [380000.0, 0.062182156258656335], [400000.0, 0.06083606159198364], [420000.0, 0.06059243635574158], [440000.0, 0.06046390357996031], [460000.0, 0.06037778521194537], [480000.0, 0.057658608936403545], [500000.0, 0.05415849190279208], [520000.0, 0.05142495735199568], [540000.0, 0.050943580139628825], [560000.0, 0.0489165488655576], [580000.0, 0.05078984221018451], [600000.0, 0.04838365279405563], [620000.0, 0.0473879479669057], [640000.0, 0.046615510262756336], [660000.0, 0.047870440410251326], [680000.0, 0.046794563123163435], [700000.0, 0.04460692501954391], [720000.0, 0.04476037702813785], [740000.0, 0.044518976577606874], [760000.0, 0.04426943059737904], [780000.0, 0.04335949033848716], [800000.0, 0.04381440056303391], [820000.0, 0.04455709600472263], [840000.0, 0.0447702843130672], [860000.0, 0.042890660355108044], [880000.0, 0.04196118243352467], [900000.0, 0.04173093001855931], [920000.0, 0.04088611782890963], [940000.0, 0.04051282604372982], [960000.0, 0.03991077857560322], [980000.0, 0.03870687300864239], [1000000.0, 0.03858601901737826]], [[20000.0, 0.2783493779315808], [40000.0, 0.19168971890519243], [60000.0, 0.15522173416440646], [80000.0, 0.12694670667493432], [100000.0, 0.10590393655995421], [120000.0, 0.10589340023716622], [140000.0, 0.10506724600268814], [160000.0, 0.09665542995013501], [180000.0, 0.08949735532306753], [200000.0, 0.0898139029072555], [220000.0, 0.08078872153472866], [240000.0, 0.07871444855791082], [260000.0, 0.07694895667710339], [280000.0, 0.07216774727490143], [300000.0, 0.07217079050200506], [320000.0, 0.07002601669211196], [340000.0, 0.06843717246343357], [360000.0, 0.06493677586045177], [380000.0, 0.06498802980923478], [400000.0, 0.06303933077421363], [420000.0, 0.06029324236867715], [440000.0, 0.060291658851294366], [460000.0, 0.05938084730314229], [480000.0, 0.05750488493875517], [500000.0, 0.0580395217801111], [520000.0, 0.05633102248262718], [540000.0, 0.05392719465222258], [560000.0, 0.05570008498989338], [580000.0, 0.055419262690627594], [600000.0, 0.05594612643775734], [620000.0, 0.05432459827839018], [640000.0, 0.05406685578932035], [660000.0, 0.05206114095363899], [680000.0, 0.05177555016320425], [700000.0, 0.050983098290901946], [720000.0, 0.05146655804990718], [740000.0, 0.052387230575312804], [760000.0, 0.051631775188183], [780000.0, 0.050434297841768394], [800000.0, 0.04959941086808589], [820000.0, 0.048401201350602496], [840000.0, 0.048884210715009334], [860000.0, 0.04936828293220548], [880000.0, 0.04895786408926408], [900000.0, 0.04713274590642981], [920000.0, 0.045830264345623234], [940000.0, 0.04565825206639663], [960000.0, 0.045354049014120476], [980000.0, 0.045130812345782326], [1000000.0, 0.04427843001764178]], [[20000.0, 0.28398509903794844], [40000.0, 0.19965391680978473], [60000.0, 0.17493814673621014], [80000.0, 0.1455943395606874], [100000.0, 0.13157190234387356], [120000.0, 0.11573949844525452], [140000.0, 0.10442258023962958], [160000.0, 0.09962398720561866], [180000.0, 0.09362287388108184], [200000.0, 0.09251720516794482], [220000.0, 0.0883005216297834], [240000.0, 0.0886432089720492], [260000.0, 0.08713545861022211], [280000.0, 0.08218674440302469], [300000.0, 0.08291675992591419], [320000.0, 0.07976885410141592], [340000.0, 0.07581618276460281], [360000.0, 0.07370354207771337], [380000.0, 0.0684887913004165], [400000.0, 0.0668458824060885], [420000.0, 0.06410761616139235], [440000.0, 0.06340039658228404], [460000.0, 0.06067208865424075], [480000.0, 0.06034589987410926], [500000.0, 0.058286851810212405], [520000.0, 0.057197194520129765], [540000.0, 0.05448230446970677], [560000.0, 0.051961814535711866], [580000.0, 0.05112522125800892], [600000.0, 0.05021121358427557], [620000.0, 0.04969823909314242], [640000.0, 0.04950747259989847], [660000.0, 0.049560286080968394], [680000.0, 0.0468411585576697], [700000.0, 0.04753826015157393], [720000.0, 0.04595723673588542], [740000.0, 0.04552730743255437], [760000.0, 0.045145837707632454], [780000.0, 0.04503497631325257], [800000.0, 0.04399386147268815], [820000.0, 0.044524806010373626], [840000.0, 0.0450306555370972], [860000.0, 0.04494933078061716], [880000.0, 0.04439328971473025], [900000.0, 0.04557870295836115], [920000.0, 0.046037866330829534], [940000.0, 0.04696160248929489], [960000.0, 0.04517131728450343], [980000.0, 0.04434545887836655], [1000000.0, 0.042758343155579165]], [[20000.0, 0.2943736202215168], [40000.0, 0.18432706384134245], [60000.0, 0.14079009176264584], [80000.0, 0.12061778992997707], [100000.0, 0.10809065854913007], [120000.0, 0.09377576137784227], [140000.0, 0.0901705818582461], [160000.0, 0.08463628180236256], [180000.0, 0.0828209404073224], [200000.0, 0.07931669178776707], [220000.0, 0.0740911918536006], [240000.0, 0.0722292808885828], [260000.0, 0.06745595948636915], [280000.0, 0.06737275481252356], [300000.0, 0.06360852219293635], [320000.0, 0.06334156244766627], [340000.0, 0.0662277588798955], [360000.0, 0.06377676843809386], [380000.0, 0.062476950746641745], [400000.0, 0.06313942954897511], [420000.0, 0.06168625069715491], [440000.0, 0.05954597027118664], [460000.0, 0.05750463413392163], [480000.0, 0.057201228687289864], [500000.0, 0.05565446134673778], [520000.0, 0.05799444792108311], [540000.0, 0.054680191277461127], [560000.0, 0.053508569470908804], [580000.0, 0.051378741633314975], [600000.0, 0.05054409023911241], [620000.0, 0.04830906157869116], [640000.0, 0.047871294910960364], [660000.0, 0.0485614655679122], [680000.0, 0.049688054027546474], [700000.0, 0.049838631755443924], [720000.0, 0.04896472154407195], [740000.0, 0.04963223119281855], [760000.0, 0.04832428481696776], [780000.0, 