{"transition_matrix": [[0.9118237706390121, 0.03076326542237977, 0.021632134007355332, 0.014022879718501273, 0.021757950212751415], [0.02919402974444182, 0.8910540265187917, 0.030754075349917608, 0.018214648087183555, 0.030783220299665237], [0.021522849802506475, 0.03224344749910826, 0.9092310422539405, 0.014471038550837699, 0.022531621893607103], [0.014565729763769934, 0.01993674300988237, 0.015107560063683466, 0.935348729180186, 0.015041237982478297], [0.021655793378484386, 0.0322855773551939, 0.022539701735905054, 0.014412677329634768, 0.9091062502007818]], "state_action_obs": [[[0.036720751494449186, 0.07899231426131512, 0.2425277540563621, 0.36080273270708796, 0.28095644748078563], [0.06815469085700644, 0.1282525662449272, 0.28321198376700885, 0.33211983767008835, 0.1882609214609692], [0.046332324542441274, 0.11377720132583946, 0.2864245568525724, 0.3559590719123793, 0.19750684536676755], [0.0326438111770095, 0.08934857032643811, 0.2490959062635614, 0.37383673272578233, 0.25507497950720864], [0.14600194237617353, 0.20006474587245063, 0.32631919715118163, 0.23470378763353836, 0.09291032696665588], [0.013992537313432836, 0.03544776119402985, 0.18470149253731344, 0.3829291044776119, 0.3829291044776119], [0.047980619734606066, 0.10749538995552663, 0.26991358426438156, 0.3547745597859493, 0.21983584625953648], [0.08650217706821481, 0.17677793904209, 0.31523947750362846, 0.2827285921625544, 0.13875181422351235], [0.11528150134048257, 0.1950402144772118, 0.32171581769436997, 0.2386058981233244, 0.12935656836461126], [0.02247191011235955, 0.05118601747815231, 0.2034956304619226, 0.4107365792759051, 0.3121098626716604], [0.16588566073102157, 0.23186504217432052, 0.3330834114339269, 0.19887535145267105, 0.07029053420805999], [0.08880098213067794, 0.1501841495021143, 0.2889101077615605, 0.2940935752284818, 0.17801118537716545], [0.05533349987509368, 0.12346989757681738, 0.27829128153884586, 0.33818386210342244, 0.20472145890582064], [0.06398496240601503, 0.13218045112781954, 0.2944360902255639, 0.32218045112781957, 0.18721804511278195], [0.03038674033149171, 0.08379373848987108, 0.2283609576427256, 0.3819060773480663, 0.2755524861878453], [0.031286762646350344, 0.07909921012828414, 0.2391742759509271, 0.3728642653072657, 0.2775754859671727], [0.027543314082629944, 0.0752998667258996, 0.23178587294535763, 0.3689471346068414, 0.29642381163927145], [0.031294452347083924, 0.06983059614638562, 0.20806931333247122, 0.36040346566662357, 0.33040217250743564]], [[0.011918063314711359, 0.03556797020484171, 0.14860335195530727, 0.3929236499068901, 0.4109869646182495], [0.018710776193920163, 0.0474885099036465, 0.18398152252525488, 0.40129015701187504, 0.3485290343653034], [0.01465865107469324, 0.04345439073265805, 0.1766449806472865, 0.4087677399873727, 0.3564742375579895], [0.01511414801909632, 0.043713374210919295, 0.16865398103943707, 0.4000045251940177, 0.37251397153652965], [0.011702127659574468, 0.024379432624113476, 0.16028368794326242, 0.39875886524822696, 0.4048758865248227], [0.003172365174480085, 0.01268946069792034, 0.08706379978850899, 0.35371871695452944, 0.5433556573845612], [0.018240451476368033, 0.050438375491282876, 0.185595753972253, 0.39663744163391446, 0.3490879774261816], [0.017401129943502826, 0.04949152542372881, 0.1984180790960452, 0.3948022598870056, 0.3398870056497175], [0.01078073378542862, 0.03095113893235959, 0.15753781950965048, 0.3902799513128152, 0.41045035645974615], [0.006127450980392157, 0.024101307189542485, 0.11029411764705882, 0.38031045751633985, 0.4791666666666667], [0.01751536944669992, 0.043672427792599465, 0.19533696786915672, 0.39943162046166336, 0.3440436144298805], [0.036476868327402136, 0.07689374682257244, 0.2052618200305033, 0.3728393492628368, 0.3085282155566853], [0.020471316353249225, 0.053056150651961176, 0.18775952815467217, 0.3839562009045465, 0.3547568039355709], [0.017720171566325413, 0.05109420494035879, 0.19116496039572964, 0.39297454682070065, 0.34704611627688553], [0.011156782149148562, 0.0364063417498532, 0.14640829908005482, 0.38216872186337836, 0.4238598551575651], [0.010565736363832588, 0.032636145826588095, 0.14311770165555052, 0.3911049234820523, 0.4225754926719765], [0.009996985833417061, 0.03451220737466091, 0.14895006530694263, 0.38556214206771827, 0.4209785994172611], [0.009590189707577822, 0.027670055549732734, 0.11502987108269573, 0.34702861335289803, 0.5006812703070956]], [[0.04792696842906048, 0.08178014454165082, 0.2822365918600228, 0.40395587675922406, 0.18410041841004185], [0.03648428351663491, 0.09184212338989277, 0.27979702890730834, 0.38036415401924095, 0.21151241016692307], [0.02574441687344913, 0.07180521091811415, 0.26499172870140614, 0.4010545905707196, 0.236404052936311], [0.03542406311637081, 0.09171597633136094, 0.27009861932938856, 0.3942800788954635, 0.20848126232741618], [0.023414148123546995, 0.06011291929591498, 0.24277648621720357, 0.4156426436399867, 0.2580538027233477], [0.012935323383084577, 0.045771144278606964, 0.23184079601990049, 0.39601990049751246, 0.31343283582089554], [0.03470738443900151, 0.09070300693105425, 0.27713794361352856, 0.38725311376309346, 0.2101985512533222], [0.023047619047619046, 0.08704761904761905, 0.2756190476190476, 0.3820952380952381, 0.2321904761904762], [0.030216647662485746, 0.07373622196883314, 0.26434815659445077, 0.39110604332953247, 0.24059293044469784], [0.19461077844311378, 0.2754491017964072, 0.38023952095808383, 0.11676646706586827, 0.03293413173652695], [0.03527227722772277, 0.09168729372937294, 0.2860973597359736, 0.38892326732673266, 0.19801980198019803], [0.07267192999143918, 0.1244173879958147, 0.2871682678588414, 0.337582041282222, 0.17816037287168268], [0.041528029313903043, 0.09838689297898327, 0.28155666933411955, 0.3613696668491766, 0.21715874152381753], [0.03195685824137415, 0.08838068607380037, 0.27842412742797223, 0.3825835122584511, 0.21865481599840217], [0.03868982193888767, 0.09320729830732029, 0.2809408661244229, 0.3833809628489778, 0.2037810507803913], [0.027980445623602822, 0.07104429213648758, 0.2539858009678925, 0.39491979266465227, 0.25206966860736485], [0.03314917127071823, 0.08744156396090098, 0.27709307267318317, 0.3940713982150446, 0.208244793880153], [0.020586260908480643, 0.05269635265159991, 0.2007160438576863, 0.3823002908928172, 0.343701051689416]], [[0.1419771193898504, 0.18773833968905837, 0.33675564681724846, 0.23203285420944558, 0.10149603989439718], [0.151673395582298, 0.21184393072594349, 0.3277735343174697, 0.22047980545899518, 0.0882293339152936], [0.11306059210250827, 0.20631464344039194, 0.34969222394372096, 0.2358778945605293, 0.09505464595284954], [0.13069644975550476, 0.21324614449813373, 0.33283180463528256, 0.22730823760886548, 0.09591736350221347], [0.1383866481223922, 0.18136300417246176, 0.34005563282336576, 0.23755215577190542, 0.10264255910987483], [0.05380411937788987, 0.12694409415720892, 0.2833123160992013, 0.3358554014291719, 0.20008406893652794], [0.15853118075340297, 0.22030178326474623, 0.32520839928247336, 0.20641553234145826, 0.08954310435791918], [0.17745432022297924, 0.23784453391142768, 0.32966862805822233, 0.18148033446887582, 0.07355218333849489], [0.1514604034929238, 0.1897018970189702, 0.34327009936766034, 0.21906052393857273, 0.09650707618187293], [0.1229802513464991, 0.1355475763016158, 0.29353680430879714, 0.3177737881508079, 0.13016157989228008], [0.22417310214192043, 0.21936470931079702, 0.3190295789013551, 0.17557919277283987, 0.06185341687308757], [0.23838565022421523, 0.22905829596412555, 0.2954857997010463, 0.16986547085201795, 0.06720478325859491], [0.17374678439824792, 0.22596120419940208, 0.3122783842035737, 0.19988875756100952, 0.0881248696377668], [0.16258173381143218, 0.22450959713140686, 0.3339801729592913, 0.20046403712296984, 0.07846445897489981], [0.1103448275862069, 0.19865067466266867, 0.34362818590704647, 0.23823088455772115, 0.10914542728635682], [0.09452337713207279, 0.1735213474343909, 0.33181996225474486, 0.26751059359755014, 