{"transition_matrix": [[0.9118237706390121, 0.03076326542237977, 0.021632134007355332, 0.014022879718501273, 0.021757950212751415], [0.02919402974444182, 0.8910540265187917, 0.030754075349917608, 0.018214648087183555, 0.030783220299665237], [0.021522849802506475, 0.03224344749910826, 0.9092310422539405, 0.014471038550837699, 0.022531621893607103], [0.014565729763769934, 0.01993674300988237, 0.015107560063683466, 0.935348729180186, 0.015041237982478297], [0.021655793378484386, 0.0322855773551939, 0.022539701735905054, 0.014412677329634768, 0.9091062502007818]], "state_action_obs": [[[0.017047332118651747, 0.03667158653430899, 0.11259168189993249, 0.6030244369095595, 0.2306649625375473], [0.1898392539444058, 0.2898805433661526, 0.352012918826855, 0.10739233152076312, 0.060874952341823406], [0.19679129379922275, 0.3712106893119684, 0.27429988526077265, 0.10142283169411524, 0.056275299933921025], [0.17620873432102627, 0.2962348128979359, 0.3553398356319969, 0.10236873669834501, 0.06984788045069588], [0.039087952280746595, 0.05356176166186562, 0.08736287339022743, 0.3654137098941589, 0.45457370277300146], [0.12272658950008293, 0.3532340965345525, 0.30112261238129395, 0.11145835079203535, 0.11145835079203535], [0.018096435181638993, 0.04054310610023566, 0.10180097108585916, 0.489691686082675, 0.3498678015495913], [0.28352098256529396, 0.21341673265410613, 0.3636716366710888, 0.09350309315334981, 0.04588755495616142], [0.20722064090408915, 0.30940713335204695, 0.3561979623415284, 0.08246637116799901, 0.04470789223433654], [0.009393955381555463, 0.021397342813543, 0.08506748484408558, 0.6043264906172823, 0.2798147263435337], [0.17518919545088532, 0.38657223814437414, 0.3633369392139297, 0.05534166187287621, 0.019559965317934573], [0.3430851286756645, 0.27299821046069506, 0.19316569416414278, 0.11882666402892712, 0.07192430267057046], [0.13547986751408717, 0.40109078291767175, 0.2640615038413071, 0.12418921944223486, 0.07517862628469915], [0.08362255747042502, 0.27294981890299413, 0.4523865281889618, 0.12082820574910669, 0.0702128896885124], [0.2967617615609128, 0.28333068124775507, 0.15312456647135542, 0.15496953137410416, 0.11181345934587261], [0.12181304243733417, 0.18658074840182032, 0.4689750186737221, 0.12762321969531418, 0.09500797079180916], [0.24790148306974097, 0.32367627006077043, 0.25811362524166864, 0.09443586063221802, 0.07587276099560201], [0.31614461587269005, 0.23607454934753144, 0.2236433154337489, 0.11693584171047995, 0.10720167763554943]], [[0.2080980076532912, 0.3725900610179162, 0.20105292097726785, 0.106677440778716, 0.11158156957280864], [0.1463900762657685, 0.15115623483266938, 0.44207395411988576, 0.13935069394708147, 0.12102904083459493], [0.18391749874652905, 0.27373612963373606, 0.32841845276019943, 0.11427343830890485, 0.09965448055063046], [0.2913873636494364, 0.34068892639721665, 0.11292597045945668, 0.132035996734689, 0.12296174275920128], [0.20383562259105895, 0.3317763058299788, 0.176772069480593, 0.14271337864737618, 0.1449026234509931], [0.12846133610106314, 0.25070135541746663, 0.3668198513165113, 0.1001597321277157, 0.15385772503724338], [0.19738929983581394, 0.1742994131640078, 0.4192846019943299, 0.11117739513081626, 0.09784928987503219], [0.187194229450906, 0.19033495479628748, 0.3591799909065906, 0.14148541095242667, 0.12180541389378921], [0.13168999859486943, 0.3999729154346717, 0.1898557246495221, 0.13573320640278883, 0.14274815491814793], [0.14890898379510567, 0.3628168188967449, 0.21475201281399947, 0.12103096661789627, 0.15249121787625386], [0.2494501884104066, 0.13974881903853964, 0.3879804749220703, 0.11971018838527268, 0.10311032924371098], [0.09183510946369086, 0.3690498891268926, 0.3412716936241126, 0.10825841137627108, 0.08958489640903292], [0.21557883292609306, 0.34183497581355443, 0.22176253866021223, 0.1147761176081717, 0.10604753499196853], [0.007891491130378897, 0.022754264178053638, 0.08513329477401686, 0.6336677015962492, 0.2505532483213013], [0.003599967494970175, 0.01174726235200794, 0.047241678705924404, 0.33355976532269965, 0.6038513261243978], [0.2512295473306903, 0.27963665651165515, 0.21871009011260928, 0.12036905699878496, 0.13005464904626024], [0.003261717236093885, 0.011260300207017583, 0.048597947763911395, 0.43971103425442265, 0.49716900053855456], [0.002928413087920825, 0.008449191860230578, 0.035124954797738854, 0.4529195189517763, 0.5005779213023334]], [[0.18255703965860604, 0.25607711637326425, 0.372027518858543, 0.13006293742974195, 0.059275387679844735], [0.256630090841687, 0.21064428778566283, 0.3249696690682141, 0.1335124953788226, 0.07424345692561353], [0.010031879113364955, 0.02798048210534924, 0.10325986412672442, 0.39425251592822563, 0.46447525872633577], [0.20739681341004076, 0.3559576771842641, 0.25913021137059045, 0.11611684580241309, 0.06139845223269167], [0.1932241219457724, 0.30788674068951155, 0.2830787472020272, 0.13314602084722954, 0.08266436931545933], [0.06589584617495695, 0.3922624833998563, 0.2848977458128454, 0.1434273239771554, 0.11351660063518582], [0.18231821543702828, 0.27690072572612406, 0.34495930521156576, 0.12692672608395222, 0.06889502754132973], [0.07813139968694828, 0.284917643184163, 0.3385631749242769, 0.18560182669843453, 0.11278595550617732], [0.011851573816023819, 0.02892082163910215, 0.10368263634018321, 0.38968255160732457, 0.4658624165973662], [0.3766715171113913, 0.28079212024348127, 0.29125391870331674, 0.04000030627461233, 0.011282137667198351], [0.015655823558969426, 0.04069598580094685, 0.12698612442275203, 0.6243117739935574, 0.19235029222377417], [0.2150393599596168, 0.35799758668871845, 0.29534946161795606, 0.0861484022616991, 0.0454651894720097], [0.29128714242351994, 0.37274631871621833, 0.15352922373941608, 0.11395691349278218, 0.06848040162806351], [0.1823512246594255, 0.3533639204368423, 0.28152893472514656, 0.11629232293068045, 0.06646359724790521], [0.0861493749930525, 0.36669659588557413, 0.39041368446192387, 0.1023418798525197, 0.05439846480692991], [0.26517013491706154, 0.16071821824220398, 0.34762011141610405, 0.13824953196971407, 0.08824200345491641], [0.10110160802719044, 0.248246782421209, 0.41117477194186774, 0.15668011830913725, 0.08279671930059558], [0.19511192352038403, 0.17934093287829414, 0.4341510512872451, 0.10078601439932192, 0.09061007791475474]], [[0.21729050021442395, 0.3304942364024448, 0.36613584725308645, 0.05988462459003116, 0.02619479154001363], [0.20548570176922118, 0.41853151747498385, 0.28100054784046147, 0.06783623017342344, 0.027146002741910112], [0.16903506788695766, 0.27834046378564975, 0.46530537478578493, 0.06223819485257197, 0.025080898689035746], [0.035532456449559366, 0.05797524995201517, 0.09048701495224296, 0.42596046690497524, 0.39004481174120725], [0.2851304181412472, 0.3043305052892881, 0.31538922653223994, 0.0664415142533033, 0.028708335783921454], [0.014730095681516887, 0.034753819498578906, 0.07756316007298734, 0.47243512991385733, 0.4005177948330595], [0.22546115859050384, 0.41755775165025877, 0.2622039192636625, 0.06610207534349812, 0.028675095152076734], [0.30504501146315094, 0.40330382633865774, 0.22125744219205284, 0.05009194890540031, 0.020301771100738178], [0.1684350229840228, 0.2905651208827905, 0.4463832957018663, 0.06568086613910838, 0.028935694292212006], [0.13472166947578718, 0.3820587881893807, 0.35392421060506696, 0.09172454395257885, 0.037570787777186254], [0.3409285915714869, 0.27180330525265395, 0.3114077474714946, 0.05609802308914338, 0.019762332615221048], [0.20940287521313186, 0.4278935835128268, 0.2908781311838814, 0.0514643102310578, 0.02036109985910206], [0.33175957826733504, 0.25098627011716523, 0.3056735565041204, 0.07743976124205573, 0.034140833869323706], [0.28823325729671817, 0.22757198954481433, 0.4103497196048548, 0.05307192974089045, 0.020773103812722273], [0.12242382531640261, 0.3700438318970946, 0.3873948492061446, 0.08239036568804026, 0.037747127892318], [0.021330566561796674, 0.03915760062370887, 0.07487997156003101, 0.47405858419803737, 