{"starting_checkpoint": 20000, "num_checkpoints": 51, "checkpoint_duration": 20000, "num_experiments": 2, "estimation_errors": [[[20000.0, 0.3336536547471217], [40000.0, 0.22145203593764545], [60000.0, 0.15418791042582974], [80000.0, 0.11004232598820729], [100000.0, 0.10634088406326522], [120000.0, 0.10212303886955443], [140000.0, 0.09840844034416146], [160000.0, 0.10678287779880546], [180000.0, 0.09270488289570328], [200000.0, 0.10274658370762135], [220000.0, 0.09624960161226406], [240000.0, 0.09247378420149988], [260000.0, 0.0888382349389947], [280000.0, 0.08414741578763726], [300000.0, 0.08485436517751266], [320000.0, 0.08595744092025312], [340000.0, 0.07485407766100594], [360000.0, 0.07004762317905991], [380000.0, 0.07396784257320707], [400000.0, 0.0704985024264675], [420000.0, 0.0665194356327164], [440000.0, 0.05687869323371568], [460000.0, 0.05789218746276514], [480000.0, 0.05348185508990806], [500000.0, 0.05005475481321628], [520000.0, 0.04924550230451098], [540000.0, 0.04578404287419333], [560000.0, 0.04199759634845661], [580000.0, 0.04393387327762571], [600000.0, 0.04746790127015882], [620000.0, 0.05258254664439309], [640000.0, 0.049978641043312136], [660000.0, 0.055593841315310664], [680000.0, 0.05493668439141224], [700000.0, 0.050795440986646054], [720000.0, 0.05040772695612475], [740000.0, 0.04638194324138068], [760000.0, 0.047818048858316024], [780000.0, 0.04282197472475255], [800000.0, 0.04232210753961215], [820000.0, 0.04074992915838891], [840000.0, 0.04193439661857697], [860000.0, 0.040352160828080054], [880000.0, 0.03847103410195071], [900000.0, 0.03763321521083589], [920000.0, 0.03796318949796829], [940000.0, 0.03840842407121452], [960000.0, 0.03714854699946695], [980000.0, 0.037796548571239666], [1000000.0, 0.03871155365196978], [1020000.0, 0.036341493245419215]], [[20000.0, 0.32127495798247524], [40000.0, 0.3364591433682489], [60000.0, 0.2837327774046159], [80000.0, 0.24187608512339903], [100000.0, 0.21258545647374566], [120000.0, 0.18177902323358486], [140000.0, 0.1502401384065737], [160000.0, 0.14068887514877432], [180000.0, 0.10877496856443544], [200000.0, 0.10352875270744714], [220000.0, 0.08332912317408851], [240000.0, 0.07523882360843817], [260000.0, 0.07387092954479295], [280000.0, 0.07890904578832239], [300000.0, 0.0736769138940589], [320000.0, 0.07397131514538911], [340000.0, 0.08101591901047311], [360000.0, 0.08360668568835933], [380000.0, 0.07647756967911129], [400000.0, 0.07007057944489252], [420000.0, 0.06893685056182028], [440000.0, 0.06891799065500506], [460000.0, 0.07487998275330707], [480000.0, 0.06618267594740967], [500000.0, 0.06923684366156385], [520000.0, 0.06880638962560237], [540000.0, 0.06929976311703454], [560000.0, 0.0633613493599531], [580000.0, 0.05866222960611644], [600000.0, 0.05932705620470405], [620000.0, 0.0534192469642448], [640000.0, 0.05563684929057884], [660000.0, 0.055218160275387985], [680000.0, 0.05612943479443344], [700000.0, 0.0636757135994271], [720000.0, 0.0660461998015345], [740000.0, 0.0673001477620267], [760000.0, 0.061804124581799715], [780000.0, 0.05706121395844211], [800000.0, 0.06074696035392828], [820000.0, 0.05212066355739689], [840000.0, 0.051586836024455324], [860000.0, 0.0516019084503188], [880000.0, 0.04980025282893034], [900000.0, 0.052854223596042325], [920000.0, 0.053951344768869355], [940000.0, 0.05072417695978679], [960000.0, 0.05115691163135159], [980000.0, 0.05519530690217366], [1000000.0, 0.05661724439389743], [1020000.0, 0.056613631554330725]]], "num_states": 5}