{"starting_checkpoint": 20000, "num_checkpoints": 50, "checkpoint_duration": 20000, "num_experiments": 10, "estimation_errors": [[[20000.0, 0.029277360369558407], [40000.0, 0.01999244796013911], [60000.0, 0.05020784937657534], [80000.0, 0.039418412917580435], [100000.0, 0.04742963496561447], [120000.0, 0.04318993870577723], [140000.0, 0.049240001732838865], [160000.0, 0.0403050278110019], [180000.0, 0.03565756629226219], [200000.0, 0.029623902628033588], [220000.0, 0.027082505225182418], [240000.0, 0.024624127627682815], [260000.0, 0.02653945789238957], [280000.0, 0.023077610677873624], [300000.0, 0.019298804829558234], [320000.0, 0.017759753847089898], [340000.0, 0.018825382156898746], [360000.0, 0.018280939376529456], [380000.0, 0.01635001952662523], [400000.0, 0.01659165656310618], [420000.0, 0.01643690907027815], [440000.0, 0.016397209388995807], [460000.0, 0.014998317599560705], [480000.0, 0.01344296593605286], [500000.0, 0.013246220408900087], [520000.0, 0.014010268827665984], [540000.0, 0.012101060650935108], [560000.0, 0.012133610944779246], [580000.0, 0.012838769741433382], [600000.0, 0.01349757465637077], [620000.0, 0.012772921319068955], [640000.0, 0.0115750884201108], [660000.0, 0.011391634922280616], [680000.0, 0.011167206706154745], [700000.0, 0.011709042248026139], [720000.0, 0.010881515094325967], [740000.0, 0.010568816991109925], [760000.0, 0.009780938121141804], [780000.0, 0.010829773642971103], [800000.0, 0.010447177317966388], [820000.0, 0.010024408174583265], [840000.0, 0.009053296842886483], [860000.0, 0.008536760826497571], [880000.0, 0.00784332410359334], [900000.0, 0.007601824770916459], [920000.0, 0.007337025576746522], [940000.0, 0.007140124260638376], [960000.0, 0.007474179933125172], [980000.0, 0.0075568143206721445], [1000000.0, 0.007959565916570904]], [[20000.0, 0.038841417964406016], [40000.0, 0.03888348373264068], [60000.0, 0.05329310039554617], [80000.0, 0.024234690909437438], [100000.0, 0.013692789005024998], [120000.0, 0.01757392841578384], [140000.0, 0.022017644449989816], [160000.0, 0.025554501480171483], [180000.0, 0.02332424453732676], [200000.0, 0.029929106615698], [220000.0, 0.027638088048550558], [240000.0, 0.025181243483930395], [260000.0, 0.03322983594278229], [280000.0, 0.032249353351854006], [300000.0, 0.032913176232317244], [320000.0, 0.03441506817707233], [340000.0, 0.032013158469572], [360000.0, 0.025772731807027955], [380000.0, 0.025401362634919492], [400000.0, 0.02330058449571559], [420000.0, 0.025520390828945597], [440000.0, 0.02630738198119048], [460000.0, 0.026808873582642556], [480000.0, 0.02536913711814357], [500000.0, 0.023819478574406815], [520000.0, 0.0217242998090439], [540000.0, 0.020423026942594794], [560000.0, 0.019595860799839514], [580000.0, 0.01937169393625724], [600000.0, 0.021587498655597732], [620000.0, 0.019986372373958897], [640000.0, 0.020142879340372948], [660000.0, 0.01973548669829413], [680000.0, 0.01973289709539457], [700000.0, 0.02127766329519504], [720000.0, 0.02215506645327556], [740000.0, 0.02137297150736345], [760000.0, 0.021549856694415313], [780000.0, 0.021111359317550354], [800000.0, 0.02082175790591829], [820000.0, 0.020727775562897816], [840000.0, 0.019096597658601437], [860000.0, 0.0184840207823489], [880000.0, 0.01773125208779454], [900000.0, 0.01748788222728022], [920000.0, 0.017106965724387], [940000.0, 0.015701376552958047], [960000.0, 0.0164272078396656], [980000.0, 0.016761557312174942], [1000000.0, 0.017313785776272]], [[20000.0, 0.09084402102484626], [40000.0, 0.05363044190709085], [60000.0, 0.04482816634167607], [80000.0, 0.039063584600679054], [100000.0, 0.031917717482669195], [120000.0, 0.029913865885525345], [140000.0, 0.03454153499312637], [160000.0, 0.02124290876249403], [180000.0, 0.02638424400841628], [200000.0, 0.028981460485497722], [220000.0, 0.026337131163881988], [240000.0, 0.02072349779822383], [260000.0, 0.019867484929769058], [280000.0, 0.016870078524646274], [300000.0, 0.016353365195689817], [320000.0, 0.014682502384419415], [340000.0, 0.012596740357271582], [360000.0, 0.010943671470956144], [380000.0, 0.008246252997566919], [400000.0, 0.008362645932097044], [420000.0, 0.0076415875472918005], [440000.0, 0.008634325410457621], [460000.0, 0.008226309615469293], [480000.0, 0.00798966719729881], [500000.0, 0.006675142468428946], [520000.0, 0.006033430085179302], [540000.0, 0.005160101761452915], [560000.0, 0.006519599943553232], [580000.0, 0.006811217981454137], [600000.0, 0.008195399617739194], [620000.0, 0.007098950740820205], [640000.0, 0.007771371663850402], [660000.0, 0.005929952085671027], [680000.0, 0.006167383848861468], [700000.0, 0.006919624583454322], [720000.0, 0.007246949715827949], [740000.0, 0.00750538067279214], [760000.0, 0.006875089384953838], [780000.0, 0.006644741374579334], [800000.0, 0.006349071304997593], [820000.0, 0.00617698499119867], [840000.0, 0.006057086525664663], [860000.0, 0.006197835976696734], [880000.0, 0.006518544770711008], [900000.0, 0.006668928770481789], [920000.0, 0.006588871544109597], [940000.0, 0.006737809016680392], [960000.0, 0.0059890966272934274], [980000.0, 0.0068831209654278734], [1000000.0, 0.007013148225129183]], [[20000.0, 0.06903637263760612], [40000.0, 0.06663974070350015], [60000.0, 0.03654545708923742], [80000.0, 0.03353559464290357], [100000.0, 0.0292572199962731], [120000.0, 0.03738189924709558], [140000.0, 0.03526104639929018], [160000.0, 0.02686213558473171], [180000.0, 0.03347024562564328], [200000.0, 0.03615941326526822], [220000.0, 0.03749152349123542], [240000.0, 0.033945214516255734], [260000.0, 0.0333481310472993], [280000.0, 0.03334688075424697], [300000.0, 0.03171985825677941], [320000.0, 0.02781033064230278], [340000.0, 0.02823565910322807], [360000.0, 0.025141218967220085], [380000.0, 0.02454752488807357], [400000.0, 0.028622907197134246], [420000.0, 0.027656240413875287], [440000.0, 0.02707174536202051], [460000.0, 0.026624672462995293], [480000.0, 0.027041288116481772], [500000.0, 0.028297676345864355], [520000.0, 0.027618189906690266], [540000.0, 0.02985561420070516], [560000.0, 0.026843166547203423], [580000.0, 0.027489949695088885], [600000.0, 0.027060791585858997], [620000.0, 0.02615133619880216], [640000.0, 0.02686722449327928], [660000.0, 0.025094642503388553], [680000.0, 0.025429512270631147], [700000.0, 0.024539234659374957], [720000.0, 0.02381009798642788], [740000.0, 0.021271708364147723], [760000.0, 0.022302920293278954], [780000.0, 0.02276776799684611], [800000.0, 0.022188936665389732], [820000.0, 0.021339130436239438], [840000.0, 0.021667955628278997], [860000.0, 0.020775223490782098], [880000.0, 0.020324949258158025], [900000.0, 0.021709114765687758], [920000.0, 0.019328364069535905], [940000.0, 0.01897609868276884], [960000.0, 0.017375570187548116], [980000.0, 0.019270832111566195], [1000000.0, 0.01903891407118748]], [[20000.0, 0.026531046899094322], [40000.0, 0.03290063388197143], [60000.0, 0.025242539199339487], [80000.0, 0.030394953624816298], [100000.0, 0.01664178251934209], [120000.0, 0.010800661441616852], [140000.0, 0.006267072624026396], [160000.0, 0.008190950975470158], [180000.0, 0.009438691127401498], [200000.0, 0.01038641196590076], [220000.0, 0.008231173946003206], [240000.0, 0.010743020035661952], [260000.0, 0.015589485853907428], [280000.0, 0.016276196453765678], [300000.0, 0.015540035496569697], [320000.0, 0.010342276027566556], [340000.0, 0.009819678069670624], [360000.0, 0.008299576241536594], [380000.0, 0.006998982317668645], [400000.0, 0.006976222650631163], [420000.0, 0.008374138756856301], [440000.0, 0.0077720624070014305], [460000.0, 0.006837915278128931], [480000.0, 0.005207249574693679], [500000.0, 0.007969560613059113], [520000.0, 0.006956631304387503], [540000.0, 0.006673470189146159], [560000.0, 0.006058778006370847], [580000.0, 0.0068645343823120625], [600000.0, 0.007373677526939438], [620000.0, 0.006971535859812811], [640000.0, 0.006086876682810046], [660000.0, 0.005917971313651038], [680000.0, 0.005379687122291579], 