{"starting_checkpoint": 20000, "num_checkpoints": 50, "checkpoint_duration": 20000, "num_experiments": 10, "estimation_errors": [[[20000.0, 2.231359480193043], [40000.0, 1.6119609285356553], [60000.0, 1.3926370377881674], [80000.0, 1.1559010842355724], [100000.0, 1.0011259736556273], [120000.0, 0.933670297880181], [140000.0, 0.8832974066126529], [160000.0, 0.8070319113883938], [180000.0, 0.7385617026182723], [200000.0, 0.6996958853233204], [220000.0, 0.6634523155889267], [240000.0, 0.6466434122204874], [260000.0, 0.6273542637484533], [280000.0, 0.6074958889827453], [300000.0, 0.6076401533869475], [320000.0, 0.5990565835899678], [340000.0, 0.5942235794429988], [360000.0, 0.5433120344166145], [380000.0, 0.5216375059928557], [400000.0, 0.5120071009442564], [420000.0, 0.4825839404028535], [440000.0, 0.45896141947986896], [460000.0, 0.4711070023677133], [480000.0, 0.4448560782764622], [500000.0, 0.44083220257884786], [520000.0, 0.4382182220151035], [540000.0, 0.4321349753784844], [560000.0, 0.42401821789149796], [580000.0, 0.42888590051779746], [600000.0, 0.4306333279205943], [620000.0, 0.4228278203919023], [640000.0, 0.42220294959852034], [660000.0, 0.4092064128545784], [680000.0, 0.396334346192346], [700000.0, 0.3903748803960779], [720000.0, 0.3874467707023891], [740000.0, 0.38783213569805247], [760000.0, 0.3814589472046392], [780000.0, 0.3755120735435959], [800000.0, 0.3673905368525133], [820000.0, 0.3549588669545346], [840000.0, 0.3663813882843127], [860000.0, 0.3716686601993468], [880000.0, 0.36213071251359885], [900000.0, 0.3545435961798981], [920000.0, 0.35535191230494273], [940000.0, 0.34872146858066344], [960000.0, 0.342764638732371], [980000.0, 0.34733781349528264], [1000000.0, 0.3474421314826937]], [[20000.0, 2.3683444730314496], [40000.0, 1.7463786806752222], [60000.0, 1.3248062513297258], [80000.0, 1.0644382700154402], [100000.0, 0.8914962880479754], [120000.0, 0.8853187916815357], [140000.0, 0.837272394509161], [160000.0, 0.8028471019920926], [180000.0, 0.821456477348808], [200000.0, 0.7809525790562568], [220000.0, 0.7343372738266634], [240000.0, 0.6824531015587811], [260000.0, 0.6153271411200052], [280000.0, 0.6143796281290119], [300000.0, 0.5820316774786221], [320000.0, 0.5406024025052969], [340000.0, 0.51542366172479], [360000.0, 0.5102025001657011], [380000.0, 0.47751251874937234], [400000.0, 0.46373241255244846], [420000.0, 0.4423511521899866], [440000.0, 0.4177247112529403], [460000.0, 0.3892313171104256], [480000.0, 0.37460089850933553], [500000.0, 0.37909910419269555], [520000.0, 0.3858183954542385], [540000.0, 0.3706070417951674], [560000.0, 0.35730435700728297], [580000.0, 0.34642518732537797], [600000.0, 0.3559954021729177], [620000.0, 0.3438772651725272], [640000.0, 0.3414704469930327], [660000.0, 0.3484962993944252], [680000.0, 0.3440610141671472], [700000.0, 0.34790712081108416], [720000.0, 0.3413058954937831], [740000.0, 0.33829538123547487], [760000.0, 0.33653056715560753], [780000.0, 0.33048584707351125], [800000.0, 0.3270174173102468], [820000.0, 0.32096725935419723], [840000.0, 0.32130780505164563], [860000.0, 0.3287736936613234], [880000.0, 0.32645382433937475], [900000.0, 0.310617132577004], [920000.0, 0.3076788860138377], [940000.0, 0.2978855959724176], [960000.0, 0.3027043743403178], [980000.0, 0.3134008287156786], [1000000.0, 0.3112499211519591]], [[20000.0, 2.3184221089318098], [40000.0, 1.5419153931411316], [60000.0, 1.2798600887174363], [80000.0, 1.0404096922061763], [100000.0, 0.9357149363972159], [120000.0, 0.846941651364592], [140000.0, 0.8656694437702231], [160000.0, 0.8375412639243691], [180000.0, 0.7744198181907522], [200000.0, 0.7559854640116159], [220000.0, 0.7246573420475042], [240000.0, 0.7451566628467542], [260000.0, 0.7351304027475605], [280000.0, 0.6772073194052823], [300000.0, 0.6563502477534894], [320000.0, 0.6121943898120963], [340000.0, 0.5673482615267069], [360000.0, 0.5376998373681324], [380000.0, 0.550390628627409], [400000.0, 0.5421689153693071], [420000.0, 0.5185761737649274], [440000.0, 0.4863348161696571], [460000.0, 0.47425907396814254], [480000.0, 0.46610559006086205], [500000.0, 0.44725715066120725], [520000.0, 0.42227620201780103], [540000.0, 0.4164735549950553], [560000.0, 0.4095466030759101], [580000.0, 0.395434564244593], [600000.0, 0.3827900279828627], [620000.0, 0.37817773160941554], [640000.0, 0.37005028748820873], [660000.0, 0.3672332397915309], [680000.0, 0.3672828099126347], [700000.0, 0.3608911708712073], [720000.0, 0.3520432043437146], [740000.0, 0.3335564693649648], [760000.0, 0.3242396323996982], [780000.0, 0.3121844320946597], [800000.0, 0.316977174423135], [820000.0, 0.311215536363055], [840000.0, 0.31630631301665413], [860000.0, 0.31445537236100396], [880000.0, 0.30917227298483296], [900000.0, 0.303632270538943], [920000.0, 0.30474730648090437], [940000.0, 0.3013488317904321], [960000.0, 0.29934752148246285], [980000.0, 0.30523604474118804], [1000000.0, 0.3035412456741984]], [[20000.0, 2.2814214193010818], [40000.0, 1.6785829103832328], [60000.0, 1.3297076217327342], [80000.0, 1.0751727006734662], [100000.0, 0.9277890543036743], [120000.0, 0.793762356943565], [140000.0, 0.7740819438906623], [160000.0, 0.7135001716701526], [180000.0, 0.6514390393711867], [200000.0, 0.6198386586555169], [220000.0, 0.5789856294233972], [240000.0, 0.5473746086720583], [260000.0, 0.5048815281732923], [280000.0, 0.5001896096235688], [300000.0, 0.49779004083421446], [320000.0, 0.4693624889373886], [340000.0, 0.4442528426698375], [360000.0, 0.44833584689947414], [380000.0, 0.4489661866377454], [400000.0, 0.43155709079343524], [420000.0, 0.41451040148576], [440000.0, 0.4313520075128236], [460000.0, 0.4197185095378812], [480000.0, 0.40859654398540285], [500000.0, 0.4078531513368029], [520000.0, 0.4183980563684171], [540000.0, 0.41652822127664346], [560000.0, 0.4153456923539634], [580000.0, 0.404148333122494], [600000.0, 0.37902785733933775], [620000.0, 0.3656235972308495], [640000.0, 0.3635697685006356], [660000.0, 0.3608982115702727], [680000.0, 0.35408407481024456], [700000.0, 0.35225503672512243], [720000.0, 0.3504870999613434], [740000.0, 0.3521896913373796], [760000.0, 0.3514460211783342], [780000.0, 0.34757718648285935], [800000.0, 0.3340425373390363], [820000.0, 0.33286304043343623], [840000.0, 0.3359047026156679], [860000.0, 0.3223521368314118], [880000.0, 0.3257972886750428], [900000.0, 0.3192996846792355], [920000.0, 0.31394328200933586], [940000.0, 0.3133326867911771], [960000.0, 0.3071332095704462], [980000.0, 0.29944598329197303], [1000000.0, 0.30861487559906764]], [[20000.0, 2.2193271685839004], [40000.0, 1.562641815334291], [60000.0, 1.3615344602183879], [80000.0, 1.117314615205557], [100000.0, 1.0370542206663405], [120000.0, 0.9652639753082117], [140000.0, 0.8404684446724905], [160000.0, 0.8551346001198288], [180000.0, 0.7492412220176213], [200000.0, 0.6777538635751545], [220000.0, 0.6470844595644702], [240000.0, 0.6242184024764823], [260000.0, 0.563128371322354], [280000.0, 0.5240118402248441], [300000.0, 0.4984240068453919], [320000.0, 0.4828674832263026], [340000.0, 0.4846265571195015], [360000.0, 0.4678315753002452], [380000.0, 0.4555434823812269], [400000.0, 0.4596503762294042], [420000.0, 0.4511000617659114], [440000.0, 0.44547104939090215], [460000.0, 0.43493751219554205], [480000.0, 0.4476209465515182], [500000.0, 0.4410880945773134], [520000.0, 0.43565596790131605], [540000.0, 0.44227274599790906], [560000.0, 0.4440806054573669], [580000.0, 0.4350531056520483], [600000.0, 0.41846482727803475], [620000.0, 0.412889416429472], [640000.0, 0.41440645726180103], [660000.0, 0.4174478175905045], [680000.0, 0.40756147927317316], [700000.0, 0.39692326901965774], [720000.0, 0.384916666522913], [740000.0, 0.3829524127324294], [760000.0, 0.3797261424700853], [780000.0, 0.3681723657133471], [800000.0, 0.3689026365893781], [820000.0, 0.3608438107379505], [840000.0, 0.36975188097852457], [860000.0, 0.3616808310590878], [880000.0, 0.3510841705534691], [900000.0, 0.35786385633056156], 