{"starting_checkpoint": 20000, "num_checkpoints": 50, "checkpoint_duration": 20000, "num_experiments": 10, "estimation_errors": [[[20000.0, 0.026154858684344723], [40000.0, 0.029430439353768857], [60000.0, 0.035737603856016535], [80000.0, 0.034291662718845844], [100000.0, 0.04012914957375822], [120000.0, 0.0406696840935213], [140000.0, 0.04636427019510966], [160000.0, 0.04184583557811529], [180000.0, 0.041192277235153604], [200000.0, 0.03809806046825457], [220000.0, 0.036068929025676634], [240000.0, 0.03775094902092265], [260000.0, 0.03671626854882067], [280000.0, 0.04027758224450308], [300000.0, 0.03775298133645376], [320000.0, 0.03823093592396748], [340000.0, 0.03368484042288198], [360000.0, 0.03549693591112884], [380000.0, 0.033248063340252106], [400000.0, 0.03307996899821379], [420000.0, 0.03560616736641065], [440000.0, 0.03461510337695705], [460000.0, 0.034897391221592924], [480000.0, 0.0340204602647706], [500000.0, 0.03248515288280035], [520000.0, 0.03387042471929232], [540000.0, 0.03533748281661665], [560000.0, 0.03588532254206086], [580000.0, 0.03437187279187633], [600000.0, 0.034285370323741376], [620000.0, 0.035191498538437296], [640000.0, 0.033938245863267644], [660000.0, 0.03492605999911113], [680000.0, 0.03445709445980179], [700000.0, 0.03422723707070944], [720000.0, 0.03427984231512795], [740000.0, 0.032588304106811], [760000.0, 0.032889649089265824], [780000.0, 0.03242572489032399], [800000.0, 0.03229696417348693], [820000.0, 0.030399694371971882], [840000.0, 0.028806351822737986], [860000.0, 0.029491300515279692], [880000.0, 0.02960685159243165], [900000.0, 0.029301418460610483], [920000.0, 0.02830995626936223], [940000.0, 0.029199587991829666], [960000.0, 0.028001960273567637], [980000.0, 0.02921889293310388], [1000000.0, 0.02966174934950577]], [[20000.0, 0.08161041956114667], [40000.0, 0.059226220256186644], [60000.0, 0.06191499231065489], [80000.0, 0.05459064952780558], [100000.0, 0.04905360561098484], [120000.0, 0.0527893002895148], [140000.0, 0.03516198064013291], [160000.0, 0.03696810960940497], [180000.0, 0.03432125705989804], [200000.0, 0.0351322378055284], [220000.0, 0.027514749815258206], [240000.0, 0.028136509596201672], [260000.0, 0.02527244176865778], [280000.0, 0.023023454486178686], [300000.0, 0.021394225759117452], [320000.0, 0.024000577077130752], [340000.0, 0.03051975188286362], [360000.0, 0.03106297767060891], [380000.0, 0.03027269916830511], [400000.0, 0.03413134800374663], [420000.0, 0.03307289613955916], [440000.0, 0.03429235493641494], [460000.0, 0.03633534094100612], [480000.0, 0.03447146392710137], [500000.0, 0.036549032606097695], [520000.0, 0.03832200143794313], [540000.0, 0.040481361924084115], [560000.0, 0.04063763382445461], [580000.0, 0.040286825248893245], [600000.0, 0.04085953244350725], [620000.0, 0.03975803427100691], [640000.0, 0.04106422332722841], [660000.0, 0.04249018083546804], [680000.0, 0.04194043790971101], [700000.0, 0.04091974206884159], [720000.0, 0.04213342568301863], [740000.0, 0.0404369553448088], [760000.0, 0.04119376825826018], [780000.0, 0.04063305212790816], [800000.0, 0.039436426956923405], [820000.0, 0.038708778646690846], [840000.0, 0.03914143517129656], [860000.0, 0.040150232172484986], [880000.0, 0.04059211806123714], [900000.0, 0.04020354421710681], [920000.0, 0.039826913902226854], [940000.0, 0.0401043720509778], [960000.0, 0.03977933036137768], [980000.0, 0.040594404998567556], [1000000.0, 0.040788506251921215]], [[20000.0, 0.06830998607757613], [40000.0, 0.06215331662259207], [60000.0, 0.060310752439948885], [80000.0, 0.05468106640123701], [100000.0, 0.04698907314202761], [120000.0, 0.05224494425403189], [140000.0, 0.06009675344370329], [160000.0, 0.05438616593429073], [180000.0, 0.05419854825109253], [200000.0, 0.06163813482850884], [220000.0, 0.0524306918125671], [240000.0, 0.045848862810321515], [260000.0, 0.04513646769279794], [280000.0, 0.047771949693985745], [300000.0, 0.0434049818669417], [320000.0, 0.03974363773864743], [340000.0, 0.03841530759084583], [360000.0, 0.03786549968683175], [380000.0, 0.03817427051189385], [400000.0, 0.03498573248219952], [420000.0, 0.036479983818980176], [440000.0, 0.034082405167956464], [460000.0, 0.0336232461873288], [480000.0, 0.033477205626074126], [500000.0, 0.03353727272621638], [520000.0, 0.033002024540524956], [540000.0, 0.03316987188111684], [560000.0, 0.03264695228975083], [580000.0, 0.03095666291621861], [600000.0, 0.03163030296341884], [620000.0, 0.031080450935861904], [640000.0, 0.031203118322752913], [660000.0, 0.03090001375393583], [680000.0, 0.030741605095223144], [700000.0, 0.03139743365175993], [720000.0, 0.029337319043218114], [740000.0, 0.02887733137658317], [760000.0, 0.02938625314781948], [780000.0, 0.028687047558531284], [800000.0, 0.02857768544619586], [820000.0, 0.027680515031102536], [840000.0, 0.027485446317443523], [860000.0, 0.028273576115027208], [880000.0, 0.028981500737307805], [900000.0, 0.02950182430182828], [920000.0, 0.030296368662479766], [940000.0, 0.03099682473450623], [960000.0, 0.030840074502694863], [980000.0, 0.03014563774304572], [1000000.0, 0.02964116304917077]], [[20000.0, 0.08215347012706058], [40000.0, 0.062011611539344244], [60000.0, 0.05310296357828113], [80000.0, 0.039264836558526965], [100000.0, 0.03620892803990612], [120000.0, 0.029621286727692854], [140000.0, 0.029614253321213636], [160000.0, 0.03269125001252215], [180000.0, 0.039785227172124196], [200000.0, 0.043412945144707296], [220000.0, 0.04350908275204964], [240000.0, 0.04103744341275393], [260000.0, 0.03839385641836535], [280000.0, 0.03418561598465161], [300000.0, 0.0373839791133183], [320000.0, 0.03620004460491464], [340000.0, 0.0351318740086576], [360000.0, 0.03572826698980657], [380000.0, 0.03768418495469305], [400000.0, 0.039218087942724675], [420000.0, 0.03834654849389063], [440000.0, 0.03702252213590805], [460000.0, 0.03776973134901091], [480000.0, 0.03965162390358395], [500000.0, 0.038564073307932815], [520000.0, 0.03638544547456014], [540000.0, 0.036371087899820374], [560000.0, 0.03787257816446791], [580000.0, 0.04029460477094805], [600000.0, 0.040974731939446556], [620000.0, 0.040989586835685196], [640000.0, 0.03978019977077315], [660000.0, 0.03895162384270217], [680000.0, 0.039604443783210506], [700000.0, 0.037202453920152805], [720000.0, 0.036556691594576335], [740000.0, 0.03793843162910518], [760000.0, 0.036335224914475175], [780000.0, 0.038611165164233], [800000.0, 0.03822494325907162], [820000.0, 0.038950567120028715], [840000.0, 0.03781420938325404], [860000.0, 0.03512029751960797], [880000.0, 0.036559348107267825], [900000.0, 0.037489949359693804], [920000.0, 0.03922233415676454], [940000.0, 0.04006098904298144], [960000.0, 0.04090514851970309], [980000.0, 0.03824221392941066], [1000000.0, 0.03702464916752757]], [[20000.0, 0.07993702503995731], [40000.0, 0.05010259362739166], [60000.0, 0.03632818107297488], [80000.0, 0.033996325351885875], [100000.0, 0.03185394111796821], [120000.0, 0.02503956679291942], [140000.0, 0.02423819190032589], [160000.0, 0.023047386330616846], [180000.0, 0.02392218386227251], [200000.0, 0.023549806690706384], [220000.0, 0.02071526278359175], [240000.0, 0.023039529962308788], [260000.0, 0.019059321107695027], [280000.0, 0.017336897930180423], [300000.0, 0.018292519700350365], [320000.0, 0.019035789199307533], [340000.0, 0.01808170366007311], [360000.0, 0.018685902918205932], [380000.0, 0.01786475604613257], [400000.0, 0.01835458081384025], [420000.0, 0.019950863960551207], [440000.0, 0.019831949781410146], [460000.0, 0.02146862367320964], [480000.0, 0.021672100190060467], [500000.0, 0.022060696202590383], [520000.0, 0.023349240058238584], [540000.0, 0.025165616806547823], [560000.0, 0.024771173813052463], [580000.0, 0.025158394616949614], [600000.0, 0.02380349693942563], [620000.0, 0.024662647355937976], [640000.0, 0.023317973137193228], [660000.0, 0.022919149775864435], [680000.0, 0.02328472255729826], [700000.0, 0.02357280017635335], [720000.0, 0.022835865986858973], [740000.0, 