{"starting_checkpoint": 20000, "num_checkpoints": 50, "checkpoint_duration": 20000, "num_experiments": 10, "estimation_errors": [[[20000.0, 0.6534135238952244], [40000.0, 0.42249410600418813], [60000.0, 0.35042588729852986], [80000.0, 0.3052163420816385], [100000.0, 0.26669571052374336], [120000.0, 0.2538712499032819], [140000.0, 0.23410371643015992], [160000.0, 0.21785738179029246], [180000.0, 0.20962898608043706], [200000.0, 0.20073349826585768], [220000.0, 0.18824671326559056], [240000.0, 0.17578538891251833], [260000.0, 0.1689534335091687], [280000.0, 0.1670767697909196], [300000.0, 0.15720332071144327], [320000.0, 0.15604432195004864], [340000.0, 0.15027776936308215], [360000.0, 0.1479817271391178], [380000.0, 0.14468436744761], [400000.0, 0.13977300825125075], [420000.0, 0.13453237090232842], [440000.0, 0.13238776251667608], [460000.0, 0.12747381123021387], [480000.0, 0.12421577581741759], [500000.0, 0.12319760089970973], [520000.0, 0.12016897494528735], [540000.0, 0.11876747547018364], [560000.0, 0.11607358363066218], [580000.0, 0.11612589024011315], [600000.0, 0.11399891192817163], [620000.0, 0.1110042643197025], [640000.0, 0.11066205027528499], [660000.0, 0.10788783336285312], [680000.0, 0.10413791870446923], [700000.0, 0.1021314850635695], [720000.0, 0.1024045019037828], [740000.0, 0.10010799050894598], [760000.0, 0.09800637870506873], [780000.0, 0.09638177201487157], [800000.0, 0.09742758680291494], [820000.0, 0.0942370171492432], [840000.0, 0.09213206716996249], [860000.0, 0.09038448023825847], [880000.0, 0.0906966990351278], [900000.0, 0.09110899992791253], [920000.0, 0.08758879447620972], [940000.0, 0.08623462249018603], [960000.0, 0.08536646892283013], [980000.0, 0.08507339144139049], [1000000.0, 0.08361567946116993]], [[20000.0, 0.6304336443085644], [40000.0, 0.3981908549686047], [60000.0, 0.32832097216045786], [80000.0, 0.27044358281529407], [100000.0, 0.2569290085592605], [120000.0, 0.23949363441741822], [140000.0, 0.22100406831063923], [160000.0, 0.19940646138114917], [180000.0, 0.1943749045599278], [200000.0, 0.1833223921252188], [220000.0, 0.17420106956902248], [240000.0, 0.16494493745630667], [260000.0, 0.16296844601597468], [280000.0, 0.1575409294301078], [300000.0, 0.15052525749896356], [320000.0, 0.14530150771044395], [340000.0, 0.14112786443608735], [360000.0, 0.13687061580502358], [380000.0, 0.13161287440232858], [400000.0, 0.12673372719038156], [420000.0, 0.12500514835347296], [440000.0, 0.12522038086748613], [460000.0, 0.12504585317498845], [480000.0, 0.12299924368904976], [500000.0, 0.12044443889793549], [520000.0, 0.1174612215746373], [540000.0, 0.11478020316732869], [560000.0, 0.1134645833250877], [580000.0, 0.11412685535315656], [600000.0, 0.11231000598931264], [620000.0, 0.11170314188906308], [640000.0, 0.11105637367536889], [660000.0, 0.11014100552640153], [680000.0, 0.10749916847251566], [700000.0, 0.10615469512057782], [720000.0, 0.10406749797366881], [740000.0, 0.1015977167495854], [760000.0, 0.09758085250554115], [780000.0, 0.09730075462062031], [800000.0, 0.09681399225182147], [820000.0, 0.09416941026015803], [840000.0, 0.09172918011846695], [860000.0, 0.09088340878466096], [880000.0, 0.08981825314363058], [900000.0, 0.08944193893469828], [920000.0, 0.08896612779497237], [940000.0, 0.08832810632643652], [960000.0, 0.08684994037854048], [980000.0, 0.08593478970013245], [1000000.0, 0.08441753650534237]], [[20000.0, 0.4838196521634372], [40000.0, 0.3985538401879971], [60000.0, 0.34808326568989667], [80000.0, 0.29211918858533964], [100000.0, 0.25986178523433984], [120000.0, 0.22516856676486757], [140000.0, 0.20567905574185313], [160000.0, 0.18978657342306565], [180000.0, 0.18467128088308507], [200000.0, 0.1837339625963938], [220000.0, 0.16923343883048791], [240000.0, 0.16116691544369383], [260000.0, 0.14892197654595754], [280000.0, 0.14858797126372827], [300000.0, 0.13876214109713114], [320000.0, 0.1374937434658749], [340000.0, 0.13320749286602476], [360000.0, 0.13144914903479293], [380000.0, 0.1300313158195643], [400000.0, 0.12349311704263115], [420000.0, 0.11769633473939937], [440000.0, 0.11527108555807389], [460000.0, 0.1148894442192684], [480000.0, 0.11354294989000797], [500000.0, 0.11481944911753364], [520000.0, 0.11225237558134396], [540000.0, 0.10744255687644996], [560000.0, 0.10697068780069598], [580000.0, 0.10531302366796533], [600000.0, 0.10457255323634045], [620000.0, 0.10402633674466971], [640000.0, 0.10234438203662555], [660000.0, 0.09831496006008042], [680000.0, 0.09536234924436554], [700000.0, 0.09391401464785772], [720000.0, 0.09302391901647168], [740000.0, 0.0901237445176188], [760000.0, 0.08757559712698393], [780000.0, 0.086467563945548], [800000.0, 0.08513715616644199], [820000.0, 0.08378404527837041], [840000.0, 0.08487701045838142], [860000.0, 0.08152385249216687], [880000.0, 0.08142502008231126], [900000.0, 0.08063863511676564], [920000.0, 0.08162221192643682], [940000.0, 0.08126118653699663], [960000.0, 0.0780225020582447], [980000.0, 0.07871598013295705], [1000000.0, 0.07700986810901111]], [[20000.0, 0.6198896995543692], [40000.0, 0.41232347668242003], [60000.0, 0.33662550563757043], [80000.0, 0.2860453692757493], [100000.0, 0.2436954037225385], [120000.0, 0.21693399456822152], [140000.0, 0.20124363430618844], [160000.0, 0.18519480715132114], [180000.0, 0.16952729486927992], [200000.0, 0.16175605921679978], [220000.0, 0.1624162211616394], [240000.0, 0.15797041338645976], [260000.0, 0.15486349266830177], [280000.0, 0.15214735489031386], [300000.0, 0.14776200467956807], [320000.0, 0.1410869137904208], [340000.0, 0.13575834368158363], [360000.0, 0.13058353922233157], [380000.0, 0.12612990485815553], [400000.0, 0.12593536414188336], [420000.0, 0.11999413506921748], [440000.0, 0.11866319077167364], [460000.0, 0.111562929371612], [480000.0, 0.10730271049303812], [500000.0, 0.10596352841831762], [520000.0, 0.10614203552603384], [540000.0, 0.10547717603676354], [560000.0, 0.10421011054613089], [580000.0, 0.10471517117291777], [600000.0, 0.10022278742296432], [620000.0, 0.09830647161763281], [640000.0, 0.09645093565012429], [660000.0, 0.09531971435611238], [680000.0, 0.09519467482149375], [700000.0, 0.09563871161334447], [720000.0, 0.094483897946873], [740000.0, 0.09239366722262583], [760000.0, 0.0914172649266204], [780000.0, 0.09189692777118089], [800000.0, 0.09087816921073023], [820000.0, 0.09227754991490252], [840000.0, 0.09265944161956158], [860000.0, 0.0922032961521053], [880000.0, 0.08790785427088392], [900000.0, 0.08603850373715247], [920000.0, 0.08662548062953988], [940000.0, 0.08480036369806646], [960000.0, 0.08442132541030867], [980000.0, 0.08398652230949731], [1000000.0, 0.0803960900645082]], [[20000.0, 0.5788778796586237], [40000.0, 0.37047696046391604], [60000.0, 0.30556100142296244], [80000.0, 0.2765524473905347], [100000.0, 0.24203624590361816], [120000.0, 0.23026938420331625], [140000.0, 0.20336643766349052], [160000.0, 0.18956134180026848], [180000.0, 0.17102353070186874], [200000.0, 0.16674100173803186], [220000.0, 0.1567791405585001], [240000.0, 0.1510610649631949], [260000.0, 0.14556009585640495], [280000.0, 0.1382436322281128], [300000.0, 0.13549006585795761], [320000.0, 0.1338224586545343], [340000.0, 0.12290966263872226], [360000.0, 0.11924010021453553], [380000.0, 0.1185626175095536], [400000.0, 0.11543702355575396], [420000.0, 0.11625498795685384], [440000.0, 0.11236207515613646], [460000.0, 0.11420206927769466], [480000.0, 0.1083705332437719], [500000.0, 0.1073746013896602], [520000.0, 0.10803270494177394], [540000.0, 0.1053948126458862], [560000.0, 0.10183181213800789], [580000.0, 0.1009293710416232], [600000.0, 0.09697632120210956], [620000.0, 0.09771713583217115], [640000.0, 0.0975633702398175], [660000.0, 0.09476700964693957], [680000.0, 0.09449873996641873], [700000.0, 0.09394787173927978], [720000.0, 0.09476738400329955], [740000.0, 0.09226603852242589], [760000.0, 0.09065024207652617], [780000.0, 0.08645674681937637], [800000.0, 0.08675145973054983], [820000.0, 