{"starting_checkpoint": 20000, "num_checkpoints": 50, "checkpoint_duration": 20000, "num_experiments": 10, "estimation_errors": [[[20000.0, 0.11085319083949398], [40000.0, 0.07875796789603663], [60000.0, 0.06090683448424528], [80000.0, 0.05043147972914794], [100000.0, 0.04427138785259583], [120000.0, 0.04145011591286885], [140000.0, 0.03946779372399324], [160000.0, 0.03036845385211428], [180000.0, 0.02470362852430302], [200000.0, 0.02323639474320478], [220000.0, 0.021841278922681458], [240000.0, 0.02012596512983897], [260000.0, 0.017724542926095488], [280000.0, 0.01760283271808569], [300000.0, 0.01887083636949904], [320000.0, 0.01804174555888634], [340000.0, 0.017215190654228222], [360000.0, 0.016007558901830463], [380000.0, 0.016095601970760313], [400000.0, 0.01687001263566924], [420000.0, 0.01388438723303776], [440000.0, 0.014528638352211918], [460000.0, 0.013841850685263883], [480000.0, 0.013660903465192087], [500000.0, 0.01362047859358794], [520000.0, 0.013352517083813116], [540000.0, 0.013298411858950041], [560000.0, 0.013819832875471448], [580000.0, 0.013876116721883738], [600000.0, 0.014397252203744512], [620000.0, 0.015396509057371626], [640000.0, 0.016060963666236137], [660000.0, 0.016448338587366124], [680000.0, 0.016627094805363903], [700000.0, 0.01622365151177643], [720000.0, 0.015698335984991277], [740000.0, 0.014836955247343247], [760000.0, 0.01561442403627571], [780000.0, 0.014993817592679147], [800000.0, 0.01382673004887342], [820000.0, 0.014307861026614164], [840000.0, 0.014010098494644475], [860000.0, 0.013660539407206858], [880000.0, 0.014046398373384787], [900000.0, 0.014080685767907067], [920000.0, 0.013397245911136188], [940000.0, 0.013220109676124265], [960000.0, 0.013273462053413322], [980000.0, 0.013345586285362315], [1000000.0, 0.013917638925562284]], [[20000.0, 0.10713377836927161], [40000.0, 0.07149624894734458], [60000.0, 0.0540955480399031], [80000.0, 0.054189594862542656], [100000.0, 0.03857873093700859], [120000.0, 0.030402471277781184], [140000.0, 0.03277872692720072], [160000.0, 0.03351419556477031], [180000.0, 0.027488720225694683], [200000.0, 0.029099243942147485], [220000.0, 0.027284138786436186], [240000.0, 0.025460817398048254], [260000.0, 0.025406124424491174], [280000.0, 0.024574428539508558], [300000.0, 0.022041662908655713], [320000.0, 0.019098670560276716], [340000.0, 0.018782329648932186], [360000.0, 0.018798956801046447], [380000.0, 0.01911365055985203], [400000.0, 0.01733090130828003], [420000.0, 0.016981165634251026], [440000.0, 0.016991856938797338], [460000.0, 0.01633468247609819], [480000.0, 0.017261761906677758], [500000.0, 0.015630475203869044], [520000.0, 0.01593712241402148], [540000.0, 0.01700705003899054], [560000.0, 0.016337876906649593], [580000.0, 0.015109205506991115], [600000.0, 0.015701578821017505], [620000.0, 0.015320692997474234], [640000.0, 0.015806087151019485], [660000.0, 0.014389920822751697], [680000.0, 0.01352012046813007], [700000.0, 0.013685636104201964], [720000.0, 0.013662041995258292], [740000.0, 0.01474933201651202], [760000.0, 0.013508818900049029], [780000.0, 0.013864680322738538], [800000.0, 0.013073690639755942], [820000.0, 0.013229150394147267], [840000.0, 0.013659979239960096], [860000.0, 0.013903315844568867], [880000.0, 0.013787908052964074], [900000.0, 0.01381256041667845], [920000.0, 0.013445543284805924], [940000.0, 0.013674028906006792], [960000.0, 0.012940495020233913], [980000.0, 0.012701603116685858], [1000000.0, 0.012430090092532453]], [[20000.0, 0.10116681979861288], [40000.0, 0.06658553924151678], [60000.0, 0.059622816321995356], [80000.0, 0.045896659438261676], [100000.0, 0.045336550998405126], [120000.0, 0.04963197570639633], [140000.0, 0.04735105273625008], [160000.0, 0.0462780729122419], [180000.0, 0.03900752504578217], [200000.0, 0.03894769459826772], [220000.0, 0.039801914900413814], [240000.0, 0.035923312264665636], [260000.0, 0.03309620986036009], [280000.0, 0.02961269339342985], [300000.0, 0.028226563474787806], [320000.0, 0.025648324301369145], [340000.0, 0.02295014391257459], [360000.0, 0.024581939147852113], [380000.0, 0.020327625232872525], [400000.0, 0.019503580106791537], [420000.0, 0.019658119047411094], [440000.0, 0.01811019150346823], [460000.0, 0.018418991113097558], [480000.0, 0.017038343685473276], [500000.0, 0.015728830605101843], [520000.0, 0.01813293015239531], [540000.0, 0.015133626198239493], [560000.0, 0.015451571702746825], [580000.0, 0.01574869008453479], [600000.0, 0.015675677941938373], [620000.0, 0.01557458503384873], [640000.0, 0.015534117175846131], [660000.0, 0.014862675277976939], [680000.0, 0.013986869771632557], [700000.0, 0.014343783731727639], [720000.0, 0.014949797960008305], [740000.0, 0.014713936210066806], [760000.0, 0.014879745527126382], [780000.0, 0.01543587500368186], [800000.0, 0.01543206571518878], [820000.0, 0.01527877977212372], [840000.0, 0.015059099459174764], [860000.0, 0.014749801861886205], [880000.0, 0.014681125461937129], [900000.0, 0.014619484562093244], [920000.0, 0.013848552848838224], [940000.0, 0.01443237117234156], [960000.0, 0.01383792548441433], [980000.0, 0.013757328438187371], [1000000.0, 0.01431443798588454]], [[20000.0, 0.10186185321103826], [40000.0, 0.06289973255545434], [60000.0, 0.06142868424426736], [80000.0, 0.051924761014044064], [100000.0, 0.038474018287149164], [120000.0, 0.027599822480393162], [140000.0, 0.027296509530493555], [160000.0, 0.03238124810660166], [180000.0, 0.03290434099969293], [200000.0, 0.033847966353046335], [220000.0, 0.03245189531298917], [240000.0, 0.030905482099874163], [260000.0, 0.026133209316577085], [280000.0, 0.026013614441953277], [300000.0, 0.02472969051291038], [320000.0, 0.025413690267386654], [340000.0, 0.02467434598329412], [360000.0, 0.024347166059465745], [380000.0, 0.024496800986580403], [400000.0, 0.022315470254441683], [420000.0, 0.021448953972530004], [440000.0, 0.02093228208360125], [460000.0, 0.020237532804235722], [480000.0, 0.019382417918520536], [500000.0, 0.018029799049047033], [520000.0, 0.018358487294068162], [540000.0, 0.01855888817022554], [560000.0, 0.019564164646177776], [580000.0, 0.019591888779242676], [600000.0, 0.018374086585179573], [620000.0, 0.018216736177247634], [640000.0, 0.017565676488892002], [660000.0, 0.015048940789073604], [680000.0, 0.015337852229033186], [700000.0, 0.01462933495137661], [720000.0, 0.015168774941387474], [740000.0, 0.014832296673457592], [760000.0, 0.014610921726267588], [780000.0, 0.014924045282092013], [800000.0, 0.015035891118624932], [820000.0, 0.014745461154181228], [840000.0, 0.014864259648113273], [860000.0, 0.01542016335476452], [880000.0, 0.01538670195140644], [900000.0, 0.016832912924457027], [920000.0, 0.01604873203770418], [940000.0, 0.01597915475600133], [960000.0, 0.016555675663219593], [980000.0, 0.015289054481106354], [1000000.0, 0.014545007903136419]], [[20000.0, 0.09352554420453363], [40000.0, 0.06074200895907549], [60000.0, 0.03724743767219146], [80000.0, 0.02915470190509337], [100000.0, 0.028315026437674248], [120000.0, 0.02856845150731122], [140000.0, 0.025478733974017686], [160000.0, 0.021747556478284944], [180000.0, 0.02295417969580453], [200000.0, 0.02500795869715326], [220000.0, 0.029466706251910935], [240000.0, 0.027086320905345847], [260000.0, 0.02922680952209581], [280000.0, 0.027545738764780153], [300000.0, 0.024294828884000357], [320000.0, 0.023263921652869304], [340000.0, 0.023560919856589986], [360000.0, 0.022902604596400904], [380000.0, 0.019803806354420448], [400000.0, 0.02100217264034581], [420000.0, 0.022405540384740567], [440000.0, 0.022199646230534845], [460000.0, 0.022901192634516003], [480000.0, 0.023611236892073544], [500000.0, 0.0224092812057377], [520000.0, 0.022330359745814037], [540000.0, 0.02027456048266064], [560000.0, 0.02076681597581035], [580000.0, 0.018581728057035844], [600000.0, 0.018561201452684754], [620000.0, 0.017843350613155062], [640000.0, 0.01540002086592875], [660000.0, 0.015036588318847586], [680000.0, 0.013576259340369875], 