{"num_selected_arms": 3, "selected_arms": [1, 2, 3], "complexity_value": 17.301348382826227, "min_min_singular_value": 1.28574966851836, "result": [[[2000.0, 0.21430579749566814], [4000.0, 0.2882732470803418], [6000.0, 0.1936529554981416], [8000.0, 0.15669123314322775], [10000.0, 0.19479473881690473]], [[2000.0, 0.16271098152918634], [4000.0, 0.09027553205985611], [6000.0, 0.17518921832578999], [8000.0, 0.21111156924717578], [10000.0, 0.13092174325965866]], [[2000.0, 0.24557804199685102], [4000.0, 0.13431535232075836], [6000.0, 0.12914448279586072], [8000.0, 0.11020685076963044], [10000.0, 0.10552994658718717]], [[2000.0, 0.19478723816396643], [4000.0, 0.28410397788904285], [6000.0, 0.19530913231881608], [8000.0, 0.14962893431271623], [10000.0, 0.09836796458902197]], [[2000.0, 0.30400822543533584], [4000.0, 0.23566102088929175], [6000.0, 0.15446260680535623], [8000.0, 0.1669930034714936], [10000.0, 0.16024838288250304]], [[2000.0, 0.3537474776012472], [4000.0, 0.1465661100505301], [6000.0, 0.17500076103791773], [8000.0, 0.11139143278242408], [10000.0, 0.13971593637920637]], [[2000.0, 0.303535525146593], [4000.0, 0.25364545704056535], [6000.0, 0.2514756032120531], [8000.0, 0.20496860660340904], [10000.0, 0.18986992399207553]], [[2000.0, 0.32618043970817623], [4000.0, 0.20812275559258953], [6000.0, 0.19175086956302723], [8000.0, 0.09974720855644648], [10000.0, 0.15268672881159823]], [[2000.0, 0.41087261409654074], [4000.0, 0.3622411008382655], [6000.0, 0.2539013731066955], [8000.0, 0.12270017663063554], [10000.0, 0.11718756782678613]], [[2000.0, 0.3255301975054889], [4000.0, 0.356091367238435], [6000.0, 0.28780003661784515], [8000.0, 0.2742154650536472], [10000.0, 0.21515668984913616]], [[2000.0, 0.34920499968792407], [4000.0, 0.17173899162874817], [6000.0, 0.1263472390220488], [8000.0, 0.09478992815820514], [10000.0, 0.1086768642506098]], [[2000.0, 0.3114488206673929], [4000.0, 0.36523003461154746], [6000.0, 0.2722345625209399], [8000.0, 0.21219915538917805], [10000.0, 0.13033807330132435]], [[2000.0, 0.4094203364046515], [4000.0, 0.38532970036433273], [6000.0, 0.2668455553548681], [8000.0, 0.254967671576772], [10000.0, 0.24344747399877176]], [[2000.0, 0.21192823363669105], [4000.0, 0.2488756026849807], [6000.0, 0.2600769192793182], [8000.0, 0.2975308125059164], [10000.0, 0.2815908541081796]], [[2000.0, 0.4216355101452207], [4000.0, 0.3837521839909024], [6000.0, 0.3204023250400974], [8000.0, 0.30466853651400017], [10000.0, 0.19713664055650365]], [[2000.0, 0.32761114894408977], [4000.0, 0.24819291847221076], [6000.0, 0.24296993581207338], [8000.0, 0.16682834314349393], [10000.0, 0.18979529737020023]], [[2000.0, 0.41194789809218085], [4000.0, 0.3793369025277521], [6000.0, 0.27337578509034743], [8000.0, 0.21690626558384318], [10000.0, 0.1604031154758796]], [[2000.0, 0.3137115516637392], [4000.0, 0.28867909569909844], [6000.0, 0.26310341264939247], [8000.0, 0.12315920918410944], [10000.0, 0.12829299337197314]], [[2000.0, 0.40042202333708643], [4000.0, 0.31827957758711234], [6000.0, 0.21762259836677939], [8000.0, 0.1607419192698939], [10000.0, 0.13406080006662496]], [[2000.0, 0.4441610446211451], [4000.0, 0.3237409468548773], [6000.0, 0.32768761736162394], [8000.0, 0.29488812809286247], [10000.0, 0.29732216140878104]]]}