{"starting_checkpoint": 20000, "num_checkpoints": 51, "checkpoint_duration": 20000, "num_experiments": 2, "estimation_errors": [[[20000.0, 7.0425209553036385], [40000.0, 4.615301437816143], [60000.0, 3.866849896293811], [80000.0, 3.3493687638523575], [100000.0, 3.184441962195562], [120000.0, 2.9174496070722737], [140000.0, 2.6045995410641076], [160000.0, 2.5053824726071356], [180000.0, 2.1949060003834724], [200000.0, 2.165680439474774], [220000.0, 2.1106925852216833], [240000.0, 1.9368104115403115], [260000.0, 1.7923583086681627], [280000.0, 1.7405458838652204], [300000.0, 1.6913800383253852], [320000.0, 1.6802436530751779], [340000.0, 1.667910159245046], [360000.0, 1.653097099814475], [380000.0, 1.6250310845626967], [400000.0, 1.608860227189976], [420000.0, 1.5304706671393415], [440000.0, 1.4860445121887684], [460000.0, 1.4572159325499925], [480000.0, 1.4546679490483714], [500000.0, 1.4341747368130577], [520000.0, 1.406231960351049], [540000.0, 1.333530281273432], [560000.0, 1.2768726710954061], [580000.0, 1.2547743265838498], [600000.0, 1.242464838556625], [620000.0, 1.2384615955395262], [640000.0, 1.2038125624274734], [660000.0, 1.207498646064526], [680000.0, 1.1604351888332838], [700000.0, 1.1677880313009732], [720000.0, 1.1663034352850121], [740000.0, 1.1579936194326357], [760000.0, 1.130083783575756], [780000.0, 1.1105044226662617], [800000.0, 1.1055933164028986], [820000.0, 1.0638730486165475], [840000.0, 1.03949314588623], [860000.0, 1.0193020953384644], [880000.0, 1.0174891115809643], [900000.0, 1.0054858559416149], [920000.0, 0.9868270702600608], [940000.0, 0.9819039409147235], [960000.0, 0.9575391543694478], [980000.0, 0.9381579554090188], [1000000.0, 0.9287815741127752], [1020000.0, 0.9446034745857476]], [[20000.0, 6.871910438821098], [40000.0, 4.767874016373749], [60000.0, 3.709010892225829], [80000.0, 3.222842083726751], [100000.0, 2.9953293501990115], [120000.0, 2.6806912443723867], [140000.0, 2.5895428811918038], [160000.0, 2.4263274038777527], [180000.0, 2.107867996300471], [200000.0, 1.9748145837121436], [220000.0, 1.9503684820410672], [240000.0, 1.9272009975090356], [260000.0, 1.8357584424494164], [280000.0, 1.745765280505136], [300000.0, 1.7240313730486143], [320000.0, 1.6286738629816675], [340000.0, 1.5991036440284137], [360000.0, 1.5552816751413552], [380000.0, 1.495193373464581], [400000.0, 1.4506335656421694], [420000.0, 1.3977751551477122], [440000.0, 1.338210293419004], [460000.0, 1.284509685275205], [480000.0, 1.2924952893314838], [500000.0, 1.2743113960032466], [520000.0, 1.2519815649414938], [540000.0, 1.217561235983108], [560000.0, 1.2272133935023009], [580000.0, 1.2358111398908274], [600000.0, 1.219066819121522], [620000.0, 1.1998344377353511], [640000.0, 1.1795084201001613], [660000.0, 1.1459616518053666], [680000.0, 1.115720417416885], [700000.0, 1.0919988085742633], [720000.0, 1.065115917594135], [740000.0, 1.0776569006962466], [760000.0, 1.0588896150967622], [780000.0, 1.062220988866673], [800000.0, 1.0701839553852952], [820000.0, 1.0768443369771687], [840000.0, 1.0558454855624495], [860000.0, 1.0265472882204851], [880000.0, 1.0209452201314972], [900000.0, 1.0320950510756906], [920000.0, 1.0224008801838416], [940000.0, 1.0015920077740919], [960000.0, 0.9825219360319031], [980000.0, 0.9913841761238037], [1000000.0, 0.96238537353785], [1020000.0, 0.9681573013706603]]], "num_states": 15}